row_index,original_name,normalized_name,province,removed_prefix
1,Di tích lịch sử - văn hóa căn cứ địa cách mạng Hải Chi (Đình Làng Dạ),căn cứ địa cách mạng Hải Chi,Quảng Ninh,Di tích lịch sử - văn hóa 
2,Chợ Trung tâm Ba Chẽ,Chợ Trung tâm Ba Chẽ,Quảng Ninh,
3,Di tích lịch sử Miếu Ông – Miếu Bà,Miếu Ông – Miếu Bà,Quảng Ninh,Di tích lịch sử 
4,Phố đi bộ Tiên Yên,Phố đi bộ Tiên Yên,Quảng Ninh,
5,"Trung tâm Văn hóa, Thể thao các dân tộc vùng Đông Bắc","Văn hóa, Thể thao các dân tộc vùng Đông Bắc",Quảng Ninh,Trung tâm 
6,Đền thờ Đức ông Hoàng Cần (Miếu Đại Vương),Đền thờ Đức ông Hoàng Cần,Quảng Ninh,
7,Chợ Tiên Yên,Chợ Tiên Yên,Quảng Ninh,
8,Thác Pạc Sủi,Thác Pạc Sủi,Quảng Ninh,
9,Cột mốc 1317(2) và cửa khẩu Hoành Mô,Cột mốc 1317 và cửa khẩu Hoành Mô,Quảng Ninh,
10,Chợ Đồng Văn,Chợ Đồng Văn,Quảng Ninh,
11,Chợ Trung tâm huyện Bình Liêu,Chợ Trung tâm huyện Bình Liêu,Quảng Ninh,
12,Đình Lục Nà,Đình Lục Nà,Quảng Ninh,
13,Thác Sông Moóc,Thác Sông Moóc,Quảng Ninh,
14,Thác Khe Tiền,Thác Khe Tiền,Quảng Ninh,
15,Thác Khe Vằn,Thác Khe Vằn,Quảng Ninh,
16,Bãi tắm Lương Ngọc,Bãi tắm Lương Ngọc,Quảng Ninh,
17,Bãi tắm Quảng Hồng,Bãi tắm Quảng Hồng,Quảng Ninh,
18,Trung tâm Khoáng nóng Địa chất,Khoáng nóng Địa chất,Quảng Ninh,Trung tâm 
19,Khu di tích lịch sử - Văn hóa Đền Cửa Ông,lịch sử - Văn hóa Đền Cửa Ông,Quảng Ninh,Khu di tích 
20,Khu di tích lịch sử và Danh thắng Vũng Đục,Vũng Đục,Quảng Ninh,Khu di tích lịch sử và Danh thắng 
21,Quảng Ninh Gate,Quảng Ninh Gate,Quảng Ninh,
22,Công viên Hà Lan,Công viên Hà Lan,Quảng Ninh,
23,Hồ Khe Chè,Hồ Khe Chè,Quảng Ninh,
24,Làng quê Yên Đức,Làng quê Yên Đức,Quảng Ninh,
25,Cụm di tích lịch sử cách mạng khu mỏ than Mạo Khê,cách mạng khu mỏ than Mạo Khê,Quảng Ninh,Cụm di tích lịch sử 
26,Trung tâm chiến khu Đông Triều - chùa Bắc Mã,chiến khu Đông Triều - chùa Bắc Mã,Quảng Ninh,Trung tâm 
27,Chùa Hồ Thiên,Chùa Hồ Thiên,Quảng Ninh,
28,Chùa Quỳnh Lâm,Chùa Quỳnh Lâm,Quảng Ninh,
29,Đền Thái,Đền Thái,Quảng Ninh,
30,Đền An Sinh,Đền An Sinh,Quảng Ninh,
31,Chợ Rừng,Chợ Rừng,Quảng Ninh,
32,Làng nghề truyền thống Hưng Học,Hưng Học,Quảng Ninh,Làng nghề truyền thống 
33,Thác Mơ,Thác Mơ Quảng Ninh,Quảng Ninh,
936,Thác Mơ,Thác Mơ Tuyên Quang,Tuyên Quang,
34,Chùa Yên Mỹ,Chùa Yên Mỹ,Quảng Ninh,
35,Đền thờ Tiến sỹ Vũ Phi Hổ,Đền thờ Tiến sỹ Vũ Phi Hổ,Quảng Ninh,
36,Đền thờ Vua Lê Thái Tổ,Đền thờ Vua Lê Thái Tổ,Quảng Ninh,
37,Miếu Tiên Công,Miếu Tiên Công,Quảng Ninh,
38,Chùa Yên Giang,Chùa Yên Giang,Quảng Ninh,
39,"Đình, chùa Yên Đông","Đình, chùa Yên Đông",Quảng Ninh,
40,Nhà thờ họ Lê,Nhà thờ họ Lê,Quảng Ninh,
41,Đình Phong Cốc,Đình Phong Cốc,Quảng Ninh,
42,Hai cây Lim Giếng Rừng,Hai cây Lim Giếng Rừng,Quảng Ninh,
43,Bảo tàng Bạch Đằng,Bảo tàng Bạch Đằng,Quảng Ninh,
44,Khu trung tâm di tích lịch sử Bạch Đằng,di tích lịch sử Bạch Đằng,Quảng Ninh,Khu trung tâm 
45,Quần thể danh lam thắng cảnh Núi Mằn,danh lam thắng cảnh Núi Mằn,Quảng Ninh,Quần thể 
46,Khu bảo tồn bản văn hóa người Dao Thanh Y Bằng Cả,Khu bảo tồn bản văn hóa người Dao Thanh Y Bằng Cả,Quảng Ninh,
47,Thiên đường hoa Quảng La,Thiên đường hoa Quảng La,Quảng Ninh,
48,"Đại Yên Plaza, Vụng Cặp Táo","Đại Yên Plaza, Vụng Cặp Táo",Quảng Ninh,
49,Cung Quy hoạch và Hội chợ triển lãm tỉnh Quảng Ninh,Cung Quy hoạch và Hội chợ triển lãm tỉnh Quảng Ninh,Quảng Ninh,
50,Vụng Tùng Sâu,Vụng Tùng Sâu,Quảng Ninh,
51,Cụm di tích Chùa Lôi Âm và Hồ Yên Lập,Chùa Lôi Âm và Hồ Yên Lập,Quảng Ninh,Cụm di tích 
52,Đền Cái Lân,Đền Cái Lân,Quảng Ninh,
53,Trung tâm Mỹ Ngọc - Công ty CP Ngọc trai Hạ Long,Mỹ Ngọc - Công ty CP Ngọc trai Hạ Long,Quảng Ninh,Trung tâm 
54,Trung tâm thương mại Marine Plaza,Marine Plaza,Quảng Ninh,Trung tâm thương mại 
55,Trung tâm Thương mại Vincom Hạ Long center,Vincom Hạ Long center,Quảng Ninh,Trung tâm Thương mại 
56,Chợ Hạ Long 1,Chợ Hạ Long 1,Quảng Ninh,
57,Bảo tàng - Thư viện tỉnh - Quảng trường 30/10,Bảo tàng - Thư viện tỉnh - Quảng trường 30/10,Quảng Ninh,
58,Công viên Hạ Long,Công viên Hạ Long,Quảng Ninh,
59,Nhà thờ Hòn Gai,Nhà thờ Hòn Gai,Quảng Ninh,
60,Chùa Long Tiên,Chùa Long Tiên,Quảng Ninh,
61,Trung tâm Văn hóa Núi Bài Thơ và Đền thờ Đức ông Trần Quốc Nghiễn,Núi Bài Thơ và Đền thờ Đức ông Trần Quốc Nghiễn,Quảng Ninh,Trung tâm Văn hóa 
62,Chùa Ba Vàng,Chùa Ba Vàng,Quảng Ninh,
63,Thác Lựng Xanh,Thác Lựng Xanh,Quảng Ninh,
64,Chùa Phổ Am,Chùa Phổ Am,Quảng Ninh,
65,Đình Đền Công - chùa Long Khánh - miếu Cổ Linh,Đình Đền Công - chùa Long Khánh - miếu Cổ Linh,Quảng Ninh,
66,Di tích danh thắng Yên Tử,danh thắng Yên Tử,Quảng Ninh,Di tích 
67,Văn Miếu - Quốc Tử Giám,Văn Miếu - Quốc Tử Giám,Thành phố Hà Nội,
68,Vườn Dâu Tằm Mỹ Khánh ở An Giang,Vườn Dâu Tằm Mỹ Khánh ở An Giang,Thành phố Long Xuyên,
69,Du lịch sinh thái Rừng tràm Tân Tuyến,Du lịch sinh thái Rừng tràm Tân Tuyến,Huyện Tri Tôn,
70,Vườn trái cây Gò Chùa,Vườn trái cây Gò Chùa,Huyện Gò Dầu,
71,Tháp cổ Bình Thạnh,Tháp cổ Bình Thạnh,Huyện Trảng Bàng,
72,Công viên nước Thanh Lễ,Công viên nước Thanh Lễ,Bình Dương,
73,Khu du lịch làng cổ Phước Lộc Thọ,làng cổ Phước Lộc Thọ,Tây Ninh,Khu du lịch 
74,Quán Café Gió & Nước Bình Dương,Gió & Nước Bình Dương,Bình Dương,Quán Café 
75,Cụm du lịch hồ Dầu Tiếng,Cụm du lịch hồ Dầu Tiếng,Bình Dương,
76,Khu Du Lịch Thủy Châu,Thủy Châu,Bình Dương,Khu Du Lịch 
77,Làng Tre Phú An,Làng Tre Phú An,Bình Dương,
78,Hàng cau vua Tân Trụ,Hàng cau vua Tân Trụ,Tây Ninh,
79,Khu du lịch Cánh Đồng Bất Tận,Cánh Đồng Bất Tận,Tây Ninh,Khu du lịch 
80,Làng nổi Tân Lập,Làng nổi Tân Lập,Tây Ninh,
81,Khu Lưu Niệm Nhạc Sĩ Cao Văn Lầu,Nhạc Sĩ Cao Văn Lầu,Bạc Liêu,Khu Lưu Niệm 
82,Vườn chim Bạc Liêu,Vườn chim Bạc Liêu,Bạc Liêu,
83,Khu du lịch Nhà Mát,Nhà Mát,Bạc Liêu,Khu du lịch 
84,Tháp Chóp Mạt,Tháp Chóp Mạt,Huyện Tân Biên,
85,Tham quan căn cứ trung ương cục miền Nam,Tham quan căn cứ trung ương cục miền Nam,Huyện Tân Biên,
86,Khu vui chơi giải trí Sala,Sala,Thành phố Tây Ninh,Khu vui chơi giải trí 
87,Khu du lịch Ma Thiên Lãnh,Ma Thiên Lãnh,Thành phố Tây Ninh,Khu du lịch 
88,Khu du lịch Long Điền Sơn,Long Điền Sơn,Thành phố Tây Ninh,Khu du lịch 
89,Di tích lịch sử văn hóa chiến thắng Tua Hai,văn hóa chiến thắng Tua Hai,Huyện Châu Thành,Di tích lịch sử 
90,Cồn Phú Đa,Cồn Phú Đa,Bến Tre,
91,Khu du lịch Làng bè,Làng bè,Bến Tre,Khu du lịch 
92,Khu du lịch Lan Vương,Lan Vương,Bến Tre,Khu du lịch 
93,Bãi biển Thừa Đức Bình Đại,Bãi biển Thừa Đức Bình Đại,Bến Tre,
94,Búng Bình Thiên,Búng Bình Thiên,Huyện An Phú,
95,Khu Sinh thái Nhà Xưa,Nhà Xưa,Vĩnh Long,Khu Sinh thái 
96,Khu du lịch Vinh Sang,Vinh Sang,Vĩnh Long,Khu du lịch 
97,Khu du lich sinh thái Hoàng Hảo,Hoàng Hảo,Vĩnh Long,Khu du lich sinh thái 
98,Chùa cổ Long An,Chùa cổ Long An,Vĩnh Long,
99,Chợ nổi Trà Ôn,Chợ nổi Trà Ôn,Vĩnh Long,
100,Thác đá Granite,Thác đá Granite,Đắc Nông,
101,Núi lửa Băng Mo,Núi lửa Băng Mo,Đắc Nông,
102,Di tích lịch sử Ngục Đắk Mil,Ngục Đắk Mil,Đắc Nông,Di tích lịch sử 
103,Hồ Tây,Hồ Tây,Đắc Nông,
104,Di tích Đồi 722,Đồi 722,Đắc Nông,Di tích 
105,Tháp Yang Prong,Tháp Yang Prong,Đắc Lắk,
106,Thác Thủy Tiên,Thác Thủy Tiên,Đắc Lắk,
107,Thác Dray Nur,Thác Dray Nur,Đắc Lắk,
108,Đình Lạc Giao,Đình Lạc Giao,Đắc Lắk,
109,Bảo tàng Đắk Lắk,Bảo tàng Đắk Lắk,Đắc Lắk,
110,Làng nghề dệt chiếu Hới,Làng nghề dệt chiếu Hới,Thái Bình,
111,Khu du lịch Cồn Đen,Cồn Đen,Thái Bình,Khu du lịch 
112,Lễ hội Đình Sàn,Lễ hội Đình Sàn,Bắc Ninh,
113,Thác Háng Tề Chơ,Thác Háng Tề Chơ,Lào Cai,
114,Thác Pú Nhu,Thác Pú Nhu,Lào Cai,
115,Suối Giàng,Suối Giàng,Lào Cai,
116,Thác Pa Sỹ,Thác Pa Sỹ,Kon Tum,
117,Núi Chư Hreng,Núi Chư Hreng,Kon Tum,
118,Khu du lịch Đầm Vạc,Đầm Vạc,Vĩnh Phúc,Khu du lịch 
119,Hồ Đăk Ke,Hồ Đăk Ke,Kon Tum,
120,Cầu treo Kon Klor,Cầu treo Kon Klor,Kon Tum,
121,Bảo tàng Kon Tum,Bảo tàng Kon Tum,Kon Tum,
122,Hồ Xạ Hương,Hồ Xạ Hương,Vĩnh Phúc,
123,Làng gốm Hương Canh,Làng gốm Hương Canh,Vĩnh Phúc,
124,Khu du lịch Văn hóa Phương Nam - Nam Phương Linh Từ,Văn hóa Phương Nam - Nam Phương Linh Từ,Huyện Lấp Vò,Khu du lịch 
125,Khu di tích Gò Tháp,Gò Tháp,Huyện Tháp Mười,Khu di tích 
126,Chùa Phước Kiển (Chùa Lá Sen),Chùa Phước Kiển,Huyện Châu Thành,
127,Khu du lịch sinh thái Gáo Giồng,Gáo Giồng,Huyện Cao Lãnh,Khu du lịch sinh thái 
128,Khu du lịch Cánh đồng Hoa Hồng Sa Đéc,Cánh đồng Hoa Hồng Sa Đéc,Thành phố Sa Đéc,Khu du lịch 
129,Nhà cổ Huỳnh Thủy Lê,Nhà cổ Huỳnh Thủy Lê,Thành phố Sa Đéc,
130,Vườn cò Hải Lựu,Vườn cò Hải Lựu,Vĩnh Phúc,
131,Thác Phú Cường,Thác Phú Cường,Huyện Chư Sê,
132,Thác Lệ Kim,Thác Lệ Kim,Huyện Ia Grai,
133,Thác Chín Tầng,Thác Chín Tầng,Huyện Ia Grai,
134,Thác Bàu Cạn,Thác Bàu Cạn,Huyện Chư Prông,
135,Núi Hàm Rồng,Núi Hàm Rồng Thành phố Pleiku,Thành phố Pleiku,
688,Núi Hàm Rồng,Núi Hàm Rồng Thị xã Sa Pa,Thị xã Sa Pa,
136,Nhà thờ Bác Trạch,Nhà thờ Bác Trạch,Thái Bình,
137,Làng nhà sàn Thái Hải,Làng nhà sàn Thái Hải,Thái Nguyên,
138,Trại ngựa Bá Vân,Trại ngựa Bá Vân,Thái Nguyên,
139,Hồ Vai Miếu,Hồ Vai Miếu,Thái Nguyên,
140,Thác Khuôn Tát,Thác Khuôn Tát,Thái Nguyên,
141,Hồ Ghềnh Chè,Hồ Ghềnh Chè,Thái Nguyên,
142,Chùa Hang Thái Nguyên,Chùa Hang Thái Nguyên,Thái Nguyên,
143,Đồi chè Tân Cương,Đồi chè Tân Cương,Thái Nguyên,
144,Đát Đắng,Đát Đắng,Thái Nguyên,
145,Thác Nậm Rứt (Mưa Rơi),Thác Nậm Rứt,Thái Nguyên,
146,Thác Prenn,Thác Prenn,Lâm Đồng,
147,Thác Gougah,Thác Gougah,Lâm Đồng,
148,Làng Cù Lần,Làng Cù Lần,Lâm Đồng,
149,Đường hầm điêu khắc,Đường hầm điêu khắc,Lâm Đồng,
150,Chùa Linh Phước,Chùa Linh Phước,Lâm Đồng,
151,Danh thắng thác Bản Ba,Danh thắng thác Bản Ba,Tuyên Quang,
152,Núi Vọng Phu,Núi Vọng Phu,Thanh Hoá,
153,Thác Mây,Thác Mây,Thanh Hoá,
154,Thác Hiêu,Thác Hiêu,Thanh Hoá,
155,Động Kim Sơn,Động Kim Sơn,Thanh Hoá,
156,Đền thờ các vua thời Lê Trung Hưng,Đền thờ các vua thời Lê Trung Hưng,Thanh Hoá,
157,Khu du lịch Núi Dùm – Cổng Trời,Núi Dùm – Cổng Trời,Tuyên Quang,Khu du lịch 
158,Đền Lê Hoàn,Đền Lê Hoàn,Thanh Hoá,
159,Chùa Tạu,Chùa Tạu,Thanh Hoá,
160,Ruộng bậc thang Hồng Thái,Ruộng bậc thang Hồng Thái,Tuyên Quang,
161,Chùa Phúc Lâm – Dấu tích nhà Phật nơi miền sơn cước,Chùa Phúc Lâm – Dấu tích nhà Phật nơi miền sơn cước,Tuyên Quang,
162,Khám phá động Song Long,Khám phá động Song Long,Tuyên Quang,
163,Thác Khuổi Nhi – điểm du lịch hấp dẫn,Thác Khuổi Nhi – điểm du lịch hấp dẫn,Tuyên Quang,
164,Hang Thắm Nàng Màn,Hang Thắm Nàng Màn,Nghệ An,
165,Di tích Mộ bà Hoàng Thị Loan,Mộ bà Hoàng Thị Loan,Nghệ An,Di tích 
166,Cụm di tích Làng Sen,Làng Sen,Nghệ An,Cụm di tích 
167,Cụm di tích Hoàng Trù,Hoàng Trù,Nghệ An,Cụm di tích 
168,Cánh đồng hoa hướng dương,Cánh đồng hoa hướng dương,Nghệ An,
169,Thác Khe Kèm,Thác Khe Kèm,Nghệ An,
170,Đảo chè Thanh Chương,Đảo chè Thanh Chương,Nghệ An,
171,Danh thắng Thượng Lâm,Danh thắng Thượng Lâm,Tuyên Quang,
172,Đền Pác Tạ,Đền Pác Tạ,Tuyên Quang,
173,Nhà máy Thủy điện Na Hang,Nhà máy Thủy điện Na Hang,Tuyên Quang,
174,Suối khoáng Mỹ Lâm,Suối khoáng Mỹ Lâm,Tuyên Quang,
175,Biển Thạch Hải,Biển Thạch Hải,Hà Tĩnh,
176,Chùa Hương Tích,Chùa Hương Tích,Hà Tĩnh,
177,Nhà thờ Hải Thượng Lãn Ông,Nhà thờ Hải Thượng Lãn Ông,Hà Tĩnh,
178,Quần thể khu di tích Hải Thượng Lãn Ông Lê Hữu Trác,Hải Thượng Lãn Ông Lê Hữu Trác,Hà Tĩnh,Quần thể khu di tích 
179,Thác Vũ Môn,Thác Vũ Môn,Hà Tĩnh,
180,Vườn Quốc gia Vũ Quang,Vũ Quang,Hà Tĩnh,Vườn Quốc gia 
181,Thành cổ Tuyên Quang,Thành cổ Tuyên Quang,Tuyên Quang,
182,Bảo tàng tỉnh Tuyên Quang,Bảo tàng tỉnh Tuyên Quang,Tuyên Quang,
183,Lán Nà Nưa,Lán Nà Nưa,Tuyên Quang,
184,Nhà lưu niệm Đại tướng Võ Nguyên Giáp,Nhà lưu niệm Đại tướng Võ Nguyên Giáp,Quảng Trị,
185,Làng Bích Họa Cảnh Dương,Làng Bích Họa Cảnh Dương,Quảng Trị,
186,Hang Va - Hang Nước Nứt,Hang Va - Hang Nước Nứt,Quảng Trị,
187,Đèo Ngang,Đèo Ngang,Quảng Trị,
188,Bãi biển Nhật Lệ,Bãi biển Nhật Lệ,Quảng Trị,
189,Sông Gianh,Sông Gianh,Quảng Trị,
190,Động Phong Nha,Động Phong Nha,Quảng Trị,
191,Bãi Đá Nhảy,Bãi Đá Nhảy,Quảng Trị,
192,Tượng đường kéo pháo,Tượng đường kéo pháo,Điện Biên,
193,Thị xã Mường Lay,Thị xã Mường Lay,Điện Biên,
194,Tháp Chiềng Sơ,Tháp Chiềng Sơ,Điện Biên,
195,Tây Bắc Bách Hoa Viên,Tây Bắc Bách Hoa Viên,Điện Biên,
196,Nghĩa trang liệt sỹ A1,Nghĩa trang liệt sỹ A1,Điện Biên,
197,Hồ Pá Khoang,Hồ Pá Khoang,Điện Biên,
198,Hang Thẩm Váng,Hang Thẩm Váng,Điện Biên,
199,Động Pê Răng Ky,Động Pê Răng Ky,Điện Biên,
200,Đèo Pha Đin,Đèo Pha Đin,Điện Biên,
201,Cầu Mường Thanh,Cầu Mường Thanh,Điện Biên,
202,Cầu Hang Tôm,Cầu Hang Tôm,Điện Biên,
203,Thánh địa La Vang,Thánh địa La Vang,Huyện Hải Lăng,
204,Thác Tà Puồng,Thác Tà Puồng,Huyện Hướng Hóa,
205,Thác Chênh Vênh,Thác Chênh Vênh,Huyện Hướng Hóa,
206,Mũi Trèo,Mũi Trèo,Huyện Vĩnh Linh,
207,Làng cổ Bích La,Làng cổ Bích La,Huyện Triệu Phong,
208,Hang động Brai,Hang động Brai,Huyện Hướng Hóa,
209,Đảo Cồn Cỏ,Đảo Cồn Cỏ,huyện Cồn Cỏ,
210,Bãi biển Cửa Việt,Bãi biển Cửa Việt,Huyện Gio Linh,
211,Nhà thờ Phủ Cam,Nhà thờ Phủ Cam,Thành phố Huế,
212,Hồ Tịnh Tâm,Hồ Tịnh Tâm,Thành phố Huế,
213,Đồi Vọng Cảnh,Đồi Vọng Cảnh,Thành phố Huế,
214,Chùa Từ Đàm,Chùa Từ Đàm,Thành phố Huế,
215,Bảo tàng Hồ Chí Minh Thừa Thiên Huế,Bảo tàng Hồ Chí Minh Thừa Thiên Huế,Thành phố Huế,
216,Vịnh Lăng Cô,Vịnh Lăng Cô,Thành phố Huế,
217,Núi Bạch Mã,Núi Bạch Mã,Thành phố Huế,
218,Khu du lịch Sinh thái Lái Thiêu,Lái Thiêu,Thành phố Đà Nẵng,Khu du lịch Sinh thái 
219,Đình làng Hải Châu,Đình làng Hải Châu,Thành phố Đà Nẵng,
220,Công viên Châu Á,Công viên Châu Á,Thành phố Đà Nẵng,
221,Chùa Linh Ứng Sơn Trà,Chùa Linh Ứng Sơn Trà,Thành phố Đà Nẵng,
222,Bảo tàng văn hóa Phật giáo,Bảo tàng văn hóa Phật giáo,Thành phố Đà Nẵng,
223,Bảo tàng Mỹ Thuật Đà Nẵng,Bảo tàng Mỹ Thuật Đà Nẵng,Thành phố Đà Nẵng,
224,Thác Ồ Ồ,Thác Ồ Ồ,Quảng Nam,
225,Rừng dừa Bảy Mẫu,Rừng dừa Bảy Mẫu,Quảng Nam,
226,Quần thể Tượng đài Mẹ Việt Nam anh hùng,Tượng đài Mẹ Việt Nam anh hùng,Quảng Nam,Quần thể 
227,Nhà lưu niệm Huỳnh Thúc Kháng,Nhà lưu niệm Huỳnh Thúc Kháng,Quảng Nam,
228,Biển Rạng,Biển Rạng,Quảng Nam,
229,Vườn Anh Đào Mường Phăng,Vườn Anh Đào Mường Phăng,Điện Biên,
230,Tháp Mường Luân,Tháp Mường Luân,Điện Biên,
231,Thành Bản Phủ,Thành Bản Phủ,Điện Biên,
232,Suối Khoáng Nóng Hua Pe,Suối Khoáng Nóng Hua Pe,Điện Biên,
233,Khu bảo tồn thiên nhiên Mường Nhé,Mường Nhé,Điện Biên,Khu bảo tồn thiên nhiên 
234,Hang Thẩm Púa,Hang Thẩm Púa,Điện Biên,
235,Hang Mường Tỉnh,Hang Mường Tỉnh,Điện Biên,
236,Động Pa Thơm,Động Pa Thơm,Điện Biên,
237,Động Xá Nhè,Động Xá Nhè,Điện Biên,
238,Đồi Độc Lập,Đồi Độc Lập,Điện Biên,
239,Đồi C1,Đồi C1,Điện Biên,
240,Du lịch cộng đồng Bản Mển,Du lịch cộng đồng Bản Mển,Điện Biên,
241,Biển Quy Nhơn,Biển Quy Nhơn,Gia Lai,
242,Vịnh Cam Ranh,Vịnh Cam Ranh,Khánh Hoà,
243,Thác Tà Gụ,Thác Tà Gụ,Khánh Hoà,
244,Suối Hoa Lan,Suối Hoa Lan Khánh Hoà,Khánh Hoà,
245,Suối Ba Hồ,Suối Ba Hồ,Khánh Hoà,
246,Làng cổ Phú Vinh,Làng cổ Phú Vinh,Khánh Hoà,
247,Khu di tích Trường Dục Thanh,Trường Dục Thanh,Bình Thuận,Khu di tích 
248,Tháp nước Phan Thiết,Tháp nước Phan Thiết,Bình Thuận,
249,Gành Son,Gành Son,Bình Thuận,
250,Đồi cát bay Mũi Né,Đồi cát bay Mũi Né,Bình Thuận,
251,Dinh Thầy Thím,Dinh Thầy Thím,Bình Thuận,
252,Bàu Trắng,Bàu Trắng,Bình Thuận,
253,Bãi biển Mỹ Khê,Bãi biển Mỹ Khê,Quảng Ngãi,
254,Thạch Ky điếu tẩu,Thạch Ky điếu tẩu,Quảng Ngãi,
255,Hang Câu,Hang Câu,Quảng Ngãi,
256,Gành Yến,Gành Yến,Quảng Ngãi,
257,Di tích Chiến thắng Mỏ Cày,Chiến thắng Mỏ Cày,Quảng Ngãi,Di tích 
258,Bảo tàng Tổng hợp tỉnh Quảng Ngãi,Bảo tàng Tổng hợp tỉnh Quảng Ngãi,Quảng Ngãi,
259,Bãi biển Sa Huỳnh,Bãi biển Sa Huỳnh,Quảng Ngãi,
260,Di tích lịch sử Sơn Mỹ,Sơn Mỹ,Quảng Ngãi,Di tích lịch sử 
261,Đảo Lý Sơn,Đảo Lý Sơn,Quảng Ngãi,
262,Thắng cảnh Eo Gió,Thắng cảnh Eo Gió,Gia Lai,
263,Đầm Thị Nại,Đầm Thị Nại,Gia Lai,
264,Khu sinh thái Cồn Chim,Cồn Chim,Gia Lai,Khu sinh thái 
265,Bảo tàng Tổng hợp,Bảo tàng Tổng hợp,Gia Lai,
266,Nhà thờ Mằng Lăng,Nhà thờ Mằng Lăng,Phú Yên,
267,Không gian trưng bày Quảng Đức Xưa,Không gian trưng bày Quảng Đức Xưa,Phú Yên,
268,Hòn lao Mái Nhà,Hòn lao Mái Nhà,Phú Yên,
269,Hòn Chùa,Hòn Chùa,Phú Yên,
270,Bảo tàng Phú Yên,Bảo tàng Phú Yên,Phú Yên,
271,Núi Đá Bia,Núi Đá Bia,Phú Yên,
272,Đồng Cừu An Hòa,Đồng Cừu An Hòa,Ninh Thuận,
273,Hòn Đỏ,Hòn Đỏ,Ninh Thuận,
274,Vườn nho Ba Mọi,Vườn nho Ba Mọi,Ninh Thuận,
275,Cồn cát trắng Tuấn Tú,Cồn cát trắng Tuấn Tú,Ninh Thuận,
276,Trùng Sơn Cổ Tự,Trùng Sơn Cổ Tự,Ninh Thuận,
277,Tháp Pô Klông Garai,Tháp Pô Klông Garai,Ninh Thuận,
278,Sở chỉ huy chiến dịch Điện Biên Phủ,Sở chỉ huy chiến dịch Điện Biên Phủ,Điện Biên,
279,Suối nước nóng U Va,Suối nước nóng U Va,Điện Biên,
280,Cánh đồng Mường Thanh,Cánh đồng Mường Thanh,Điện Biên,
281,Du lịch A Pa Chải,Du lịch A Pa Chải,Điện Biên,
282,Chợ phiên vùng cao Tả Sìn Thàng,Chợ phiên vùng cao Tả Sìn Thàng,Điện Biên,
283,Di tích đồi Him Lam,đồi Him Lam,Điện Biên,Di tích 
284,Khu di tích hầm Đờ Cát,hầm Đờ Cát,Điện Biên,Khu di tích 
285,Hải đăng Mũi Dinh,Hải đăng Mũi Dinh,Ninh Thuận,
286,Bảo tàng Ninh Thuận,Bảo tàng Ninh Thuận,Ninh Thuận,
287,Khu du lịch sinh thái Sakai,Sakai,Ninh Thuận,Khu du lịch sinh thái 
288,Làng dệt thổ cẩm Chăm Mỹ Nghiệp,Làng dệt thổ cẩm Chăm Mỹ Nghiệp,Ninh Thuận,
289,Làng nghề gốm Bàu Trúc,Làng nghề gốm Bàu Trúc,Ninh Thuận,
290,Đền Bà Chúa Kho,Đền Bà Chúa Kho,Thành phố Bắc Ninh,
291,Đền Vua Bà,Đền Vua Bà,Thành phố Bắc Ninh,
292,Đình Đẩu Hàn,Đình Đẩu Hàn,Thành phố Bắc Ninh,
293,Lễ hội chùa Đống Lân,Lễ hội chùa Đống Lân,Cao Bằng,
294,Chùa Đống Lân,Chùa Đống Lân,Cao Bằng,
295,Vườn hoa cẩm tú,Vườn hoa cẩm tú,Cao Bằng,
296,Đèo Mã Phục,Đèo Mã Phục,Cao Bằng,
297,Lễ hội Đền Vua Lê,Lễ hội Đền Vua Lê,Cao Bằng,
298,Hồ Thang Hen,Hồ Thang Hen,Cao Bằng,
299,Vườn Quốc gia Phja Oắc - Phja Đén,Phja Oắc - Phja Đén,Cao Bằng,Vườn Quốc gia 
300,Lễ hội Đền Kỳ Sầm,Lễ hội Đền Kỳ Sầm,Cao Bằng,
301,Lễ hội đền Dẻ Đoóng,Lễ hội đền Dẻ Đoóng,Cao Bằng,
302,Chùa Phật tích Trúc Lâm Bản Giốc,Chùa Phật tích Trúc Lâm Bản Giốc,Cao Bằng,
303,Đồn Phai Khắt,Đồn Phai Khắt,Cao Bằng,
304,Chùa Vân An,Chùa Vân An,Cao Bằng,
305,Đền Vua Lê,Đền Vua Lê,Cao Bằng,
306,Lễ hội pháo hoa Quảng Uyên,Lễ hội pháo hoa Quảng Uyên,Cao Bằng,
307,Lễ hội Thanh Minh,Lễ hội Thanh Minh,Cao Bằng,
308,Lễ hội Mời Mẹ Trăng,Lễ hội Mời Mẹ Trăng,Cao Bằng,
309,Lễ hội Lồng Tồng,Lễ hội Lồng Tồng,Cao Bằng,
310,Khu di tích Chủ tịch Hồ Chí Minh với chiến dịch biên giới 1950,Chủ tịch Hồ Chí Minh với chiến dịch biên giới 1950,Cao Bằng,Khu di tích 
311,Di tích Hoàng Đình Giong,Hoàng Đình Giong,Cao Bằng,Di tích 
312,Nhà thờ Chính tòa Bắc Ninh,Nhà thờ Chính tòa Bắc Ninh,Thành phố Bắc Ninh,
313,Giếng Ngọc - Đền Cùng,Giếng Ngọc - Đền Cùng,Thành phố Bắc Ninh,
314,Làng tranh Đông Hồ,Làng tranh Đông Hồ,Huyện Thuận Thành,
315,Lăng Kinh Dương Vương,Lăng Kinh Dương Vương,Huyện Thuận Thành,
316,Thành cổ Luy Lâu,Thành cổ Luy Lâu,Huyện Thuận Thành,
317,Văn Miếu Bắc Ninh,Văn Miếu Bắc Ninh,Thành phố Bắc Ninh,
318,Đền Dẻ Đoóng,Đền Dẻ Đoóng,Cao Bằng,
319,Khu di tích anh hùng liệt sỹ Kim Đồng,anh hùng liệt sỹ Kim Đồng,Cao Bằng,Khu di tích 
320,Đền Kỳ Sầm,Đền Kỳ Sầm,Cao Bằng,
321,Làng rèn Phúc Sen,Làng rèn Phúc Sen,Cao Bằng,
322,Di tích Pắc Bó,Pắc Bó,Cao Bằng,Di tích 
323,Khu di tích rừng Trần Hưng Đạo,rừng Trần Hưng Đạo,Cao Bằng,Khu di tích 
324,Khu di tích Đông Khê,Đông Khê,Cao Bằng,Khu di tích 
325,Động Ngườm Ngao,Động Ngườm Ngao,Cao Bằng,
326,Thác Bản Giốc,Thác Bản Giốc,Cao Bằng,
327,Thành cổ Bắc Ninh,Thành cổ Bắc Ninh,Thành phố Bắc Ninh,
328,Chùa Tiêu Sơn,Chùa Tiêu Sơn,Thị xã Từ Sơn,
329,Chùa Sùng Phúc,Chùa Sùng Phúc,Cao Bằng,
330,Chùa Đà Quận,Chùa Đà Quận,Cao Bằng,
331,Lễ hội chùa Phật Tích,Lễ hội chùa Phật Tích Huyện Tiên Du,Huyện Tiên Du,
332,Lễ hội chùa Dâu,Lễ hội chùa Dâu,Huyện Thuận Thành,
333,Lễ hội đình Đình Bảng,Lễ hội đình Đình Bảng,Thị xã Từ Sơn,
334,Lễ hội làng tranh Đông Hồ,Lễ hội làng tranh Đông Hồ,Huyện Thuận Thành,
335,Lễ hội đền Vua bà,Lễ hội đền Vua bà,Thành phố Bắc Ninh,
336,Lễ hội đền Bà Chúa Kho,Lễ hội đền Bà Chúa Kho,Thành phố Bắc Ninh,
337,Lễ hội chùa Bút Tháp,Lễ hội chùa Bút Tháp,Huyện Thuận Thành,
338,Làng quan họ Viêm Xá,Làng quan họ Viêm Xá,Thành phố Bắc Ninh,
339,Làng nghề đúc đồng Đại Bái,Làng nghề đúc đồng Đại Bái,Huyện Gia Bình,
340,Lễ hội làng Đồng Kỵ,Lễ hội làng Đồng Kỵ,Thị xã Từ Sơn,
341,Đền thờ Lê Phụng Hiểu,Đền thờ Lê Phụng Hiểu,Thành phố Bắc Ninh,
342,Chùa Phúc Lâm,Chùa Phúc Lâm Huyện Tiên Du,Huyện Tiên Du,
415,Chùa Phúc Lâm,Chùa Phúc Lâm Hưng Yên,Hưng Yên,
343,Đình - Chùa Khúc Toại,Đình - Chùa Khúc Toại,Thành phố Bắc Ninh,
344,Chùa Dạm,Chùa Dạm,Thành phố Bắc Ninh,
345,Chùa Đại Bi,Chùa Đại Bi,Huyện Gia Bình,
346,Hội Lim,Hội Lim,Huyện Tiên Du,
347,Lễ hội đền Đô,Lễ hội đền Đô,Thị xã Từ Sơn,
348,Chùa Tổ (Phúc Nghiêm tự),Chùa Tổ,Huyện Thuận Thành,
349,Chùa Tam Sơn,Chùa Tam Sơn,Thị xã Từ Sơn,
350,Thác Roọm,Thác Roọm,Bắc Kạn,
351,Thác Đầu Đẳng,Thác Đầu Đẳng Bắc Kạn,Bắc Kạn,
352,Đền Thắm,Đền Thắm,Bắc Kạn,
353,Điểm du lịch Phya Khao,Phya Khao,Bắc Kạn,Điểm du lịch 
354,Chùa Thạch Long,Chùa Thạch Long,Bắc Kạn,
355,Vườn Quốc Gia Ba Bể,Ba Bể Bắc Kạn,Bắc Kạn,Vườn Quốc Gia 
356,Di tích Đèo Giàng,Đèo Giàng,Bắc Kạn,Di tích 
357,Chợ tình Xuân Dương,Chợ tình Xuân Dương,Bắc Kạn,
358,Lễ hội Lồng tồng,Lễ hội Lồng tồng,Bắc Kạn,
359,Lễ hội Đền Từ Hả,Lễ hội Đền Từ Hả,Bắc Ninh,
360,Lễ hội Thổ Hà,Lễ hội Thổ Hà,Bắc Ninh,
361,Lễ hội Yên Thế,Lễ hội Yên Thế,Bắc Ninh,
362,Lễ hội Suối Mỡ,Lễ hội Suối Mỡ,Bắc Ninh,
363,Làng gốm Thổ Hà,Làng gốm Thổ Hà,Bắc Ninh,
364,Khu di tích Khởi nghĩa Yên Thế,Khởi nghĩa Yên Thế,Bắc Ninh,Khu di tích 
365,Cây dã hương nghìn năm tuổi,Cây dã hương nghìn năm tuổi,Bắc Ninh,
366,Hồ Khe Chão,Hồ Khe Chão,Bắc Ninh,
367,Chùa Kim Tràng,Chùa Kim Tràng,Bắc Ninh,
368,Chùa Vẽ,Chùa Vẽ,Bắc Ninh,
369,Đền Nguyệt Hồ,Đền Nguyệt Hồ,Bắc Ninh,
370,Thác Ba Tia,Thác Ba Tia,Bắc Ninh,
371,Cánh Đồng Hoa Hướng Dương,Cánh Đồng Hoa Hướng Dương,Bắc Ninh,
372,Khu Du Lịch Sinh Thái Đồng Thông,Đồng Thông,Bắc Ninh,Khu Du Lịch Sinh Thái 
373,Khu bảo tồn thiên nhiên Tây Yên Tử,Tây Yên Tử Bắc Ninh,Bắc Ninh,Khu bảo tồn thiên nhiên 
374,Lăng Dinh Hương,Lăng Dinh Hương,Bắc Ninh,
375,Thác nước Hang Chiêng - Khe Nương Dâu,Thác nước Hang Chiêng - Khe Nương Dâu,Bắc Ninh,
376,Thành cổ Xương Giang,Thành cổ Xương Giang,Bắc Ninh,
378,Lễ hội Xuân Ba Bể,Lễ hội Xuân Ba Bể,Bắc Kạn,
379,"Khu ATK, Chợ Đồn Bắc Kạn","Khu ATK, Chợ Đồn Bắc Kạn",Bắc Kạn,
380,Di tích Đồn Phủ Thông,Đồn Phủ Thông,Bắc Kạn,Di tích 
381,Khu di tích lịch sử Nà Tu,lịch sử Nà Tu,Bắc Kạn,Khu di tích 
382,Khu Bảo Tồn Thiên Nhiên Kim Hỷ,Kim Hỷ,Bắc Kạn,Khu Bảo Tồn Thiên Nhiên 
383,Hồ Sinh Thái Bản Chang,Hồ Sinh Thái Bản Chang,Bắc Kạn,
384,Đèo Gió,Đèo Gió,Bắc Kạn,
385,Thác Nà Khoang,Thác Nà Khoang,Bắc Kạn,
386,Động Hua Mạ,Động Hua Mạ,Bắc Kạn,
387,Động Nàng Tiên,Động Nàng Tiên,Bắc Kạn,
388,Động Nả Phoòng,Động Nả Phoòng,Bắc Kạn,
389,Đền An Mã,Đền An Mã,Bắc Kạn,
390,Thác Bạc bản Vàng,Thác Bạc bản Vàng,Bắc Kạn,
391,Bản Du Lịch Pác Ngòi,Bản Du Lịch Pác Ngòi,Bắc Kạn,
392,Đảo Bà Góa,Đảo Bà Góa,Bắc Kạn,
393,Ao Tiên,Ao Tiên,Bắc Kạn,
394,Làng nghề tương Bần,Làng nghề tương Bần,Hưng Yên,
395,Làng nghề Đúc đồng Lộng Thượng,Làng nghề Đúc đồng Lộng Thượng,Hưng Yên,
396,Hồ Bán Nguyệt,Hồ Bán Nguyệt,Hưng Yên,
397,Đình Đa Ngưu - Đình trăm cột,Đình Đa Ngưu - Đình trăm cột,Hưng Yên,
398,Đền Phượng Hoàng,Đền Phượng Hoàng Hưng Yên,Hưng Yên,
399,Cụm di tích đền Đa Hòa - đền Dạ Trạch - cửa Hàm Tử - Bãi Sậy,đền Đa Hòa - đền Dạ Trạch - cửa Hàm Tử - Bãi Sậy,Hưng Yên,Cụm di tích 
400,Chùa Thái Lạc,Chùa Thái Lạc,Hưng Yên,
401,Chùa Phú Thị,Chùa Phú Thị,Hưng Yên,
402,Chùa Hương Lãng,Chùa Hương Lãng,Hưng Yên,
403,Văn Miếu Hưng Yên,Văn Miếu Hưng Yên,Hưng Yên,
404,Làng Rượu Vân Hà,Làng Rượu Vân Hà,Bắc Ninh,
405,Núi Dành,Núi Dành,Bắc Ninh,
406,Làng nghề Thổ Hà,Làng nghề Thổ Hà,Bắc Ninh,
407,Hồ Cấm Sơn,Hồ Cấm Sơn,Bắc Ninh,
408,Làng Nôm,Làng Nôm,Hưng Yên,
409,Làng nghề đan đó Thủ Sỹ,Làng nghề đan đó Thủ Sỹ,Hưng Yên,
410,Đồng Cao Bắc Giang,Đồng Cao Bắc Giang,Bắc Ninh,
411,Đền Thiên Hậu,Đền Thiên Hậu,Hưng Yên,
412,Đền Quốc Mẫu Âu Cơ,Đền Quốc Mẫu Âu Cơ,Hưng Yên,
413,Bản Đá Húc,Bản Đá Húc,Bắc Ninh,
416,Chùa Chuông,Chùa Chuông,Hưng Yên,
417,Mộ Cổ Đống Thếch,Mộ Cổ Đống Thếch,Hoà Bình,
418,Hang Chiều,Hang Chiều,Hoà Bình,
419,Động Thác Bờ,Động Thác Bờ Hoà Bình,Hoà Bình,
420,Đền Bồng Lai,Đền Bồng Lai,Hoà Bình,
421,Bản Văn Mai Châu,Bản Văn Mai Châu,Hoà Bình,
422,Bản Pom Coọng,Bản Pom Coọng,Hoà Bình,
423,Bản Ngòi,Bản Ngòi,Hoà Bình,
424,Bản Giang Mỗ,Bản Giang Mỗ,Hoà Bình,
425,Bản Đá Bia,Bản Đá Bia,Hoà Bình,
426,Bản Bước,Bản Bước,Hoà Bình,
427,Hồ Hoàn Kiếm,Hồ Hoàn Kiếm,Thành phố Hà Nội,
428,Quần đảo Nam Du,Quần đảo Nam Du,An Giang,
429,Hòn Một,Hòn Một,An Giang,
430,Hòn Gầm Ghì,Hòn Gầm Ghì,An Giang,
431,Hòn Mây Rút,Hòn Mây Rút,An Giang,
432,Côn Đảo,Côn Đảo,Bà Rịa - Vũng Tàu,
433,Hòn Móng Tay,Hòn Móng Tay,An Giang,
434,Hòn Thơm,Hòn Thơm,An Giang,
435,Hồ Tà Pạ,Hồ Tà Pạ,Huyện Tri Tôn,
436,Rừng tràm Trà Sư,Rừng tràm Trà Sư Huyện Tịnh Biên,Huyện Tịnh Biên,
437,Cánh đồng Tà Pạ,Cánh đồng Tà Pạ,Huyện Tri Tôn,
438,Cồn Phụng (Cồn Đạo Dừa),Cồn Phụng,Bến Tre,
439,Đồng sen Tháp Mười,Đồng sen Tháp Mười,Huyện Tháp Mười,
440,Vườn Quốc gia Tràm Chim,Tràm Chim,Huyện Tam Nông,Vườn Quốc gia 
441,Làng hoa Sa Đéc,Làng hoa Sa Đéc,Thành phố Sa Đéc,
442,Thác Voi,Thác Voi,Bình Phước,
443,Bãi biển Hồ Cốc,Bãi biển Hồ Cốc,Bà Rịa - Vũng Tàu,
444,Thung Nai,Thung Nai,Hoà Bình,
445,Khu Du lịch Sinh thái Vàm Sát,Vàm Sát,Thành phố Hồ Chí Minh,Khu Du lịch Sinh thái 
446,Thung lũng Mai Châu,Thung lũng Mai Châu,Hoà Bình,
447,Vườn quốc gia Nam Cát Tiên,Nam Cát Tiên,Lâm Đồng,Vườn quốc gia 
448,"Nhà trưng bày hiện vật, cổ vật văn hoá Thái","Nhà trưng bày hiện vật, cổ vật văn hoá Thái",Hoà Bình,
449,Lũng Vân,Lũng Vân,Hoà Bình,
450,Đèo Long Lanh,Đèo Long Lanh,Lâm Đồng,
451,Thác Đambri,Thác Đambri,Lâm Đồng,
452,Động Thiên Long,Động Thiên Long,Hoà Bình,
453,Cánh đồng Cẩm Tú Cầu,Cánh đồng Cẩm Tú Cầu,Lâm Đồng,
454,Động Hoa Tiên,Động Hoa Tiên,Hoà Bình,
455,Động Đá Bạc,Động Đá Bạc Hoà Bình,Hoà Bình,
456,Di tích lịch sử Nhà máy in tiền,Nhà máy in tiền,Hoà Bình,Di tích lịch sử 
457,Đèo Đá Trắng,Đèo Đá Trắng,Hoà Bình,
458,Bảo tàng không gian văn hóa Mường,Bảo tàng không gian văn hóa Mường,Hoà Bình,
459,Ba Khan,Ba Khan,Hoà Bình,
460,Thiền viện Trúc Lâm Hậu Giang,Thiền viện Trúc Lâm Hậu Giang,Hậu Giang,
461,Rừng Tràm Vị Thủy - Khu du lịch sinh thái Việt Úc,Rừng Tràm Vị Thủy - Khu du lịch sinh thái Việt Úc,Hậu Giang,
462,Làng trầu Vị Thủy,Làng trầu Vị Thủy,Hậu Giang,
463,Khu du lịch sinh thái Tầm Vu,Tầm Vu,Hậu Giang,Khu du lịch sinh thái 
464,Khu căn cứ Tỉnh ủy (căn cứ Bà Bái),Khu căn cứ Tỉnh ủy,Hậu Giang,
465,Khu Bảo tồn Thiên nhiên Lung Ngọc Hoàng,Lung Ngọc Hoàng,Hậu Giang,Khu Bảo tồn Thiên nhiên 
466,Di tích lịch sử quốc gia đặc biệt Chiến thắng Chương Thiện,Chiến thắng Chương Thiện,Hậu Giang,Di tích lịch sử quốc gia đặc biệt 
467,Đền thờ Bác Hồ,Đền thờ Bác Hồ,Hậu Giang,
468,Chùa Aranhứt,Chùa Aranhứt,Hậu Giang,
469,Hải đăng Kê Gà,Hải đăng Kê Gà,Bình Thuận,
470,Núi lửa Chư Đăng Ya,Núi lửa Chư Đăng Ya,Huyện Chư Păh,
471,Hồ T’Nưng,Hồ T’Nưng,Thành phố Pleiku,
472,Biển Hồ chè,Biển Hồ chè,Huyện KBang,
473,Núi Ngọc Linh,Núi Ngọc Linh,Kon Tum,
474,Thác Dray Sáp,Thác Dray Sáp,Đắc Nông,
475,Hồ Tà Đùng,Hồ Tà Đùng,Đắc Nông,
476,Linh Sơn Viên Giác Tự,Linh Sơn Viên Giác Tự,Thành phố Hải Phòng,
477,Thác Pongour,Thác Pongour,Lâm Đồng,
478,Hồ Tuyền Lâm,Hồ Tuyền Lâm,Lâm Đồng,
479,Khu Di tích núi Voi,núi Voi,Thành phố Hải Phòng,Khu Di tích 
480,Cung đường Tà Năng,Cung đường Tà Năng,Lâm Đồng,
481,Núi Lang Bian,Núi Lang Bian,Lâm Đồng,
482,Cù Lao Câu,Cù Lao Câu,Bình Thuận,
483,Chùa Cao Linh,Chùa Cao Linh,Thành phố Hải Phòng,
484,Bãi biển Kỳ Co,Bãi biển Kỳ Co,Gia Lai,
485,Cù lao Chàm,Cù lao Chàm,Quảng Nam,
486,Phá Tam Giang,Phá Tam Giang,Thành phố Huế,
487,Sông Hương,Sông Hương,Thành phố Huế,
488,Động Thiên Đường,Động Thiên Đường,Quảng Trị,
489,Hang Sơn Đoòng,Hang Sơn Đoòng,Quảng Trị,
490,Hang Én,Hang Én,Quảng Trị,
491,Biển Cổ Thạch,Biển Cổ Thạch,Bình Thuận,
492,Đồi cát Nam Cương,Đồi cát Nam Cương,Ninh Thuận,
493,Hang Rái,Hang Rái,Ninh Thuận,
494,Vịnh Vĩnh Hy,Vịnh Vĩnh Hy,Ninh Thuận,
495,Vườn Quốc Gia Cát Bà,Cát Bà,Thành phố Hải Phòng,Vườn Quốc Gia 
496,Vịnh Lan Hạ,Vịnh Lan Hạ,Thành phố Hải Phòng,
497,Quán Hoa,Quán Hoa,Thành phố Hải Phòng,
498,Quần đảo Cát Bà,Quần đảo Cát Bà,Thành phố Hải Phòng,
499,Làng Chài Việt Hải,Làng Chài Việt Hải,Thành phố Hải Phòng,
500,Đền Bà Đế,Đền Bà Đế,Thành phố Hải Phòng,
501,Khu tưởng niệm Vương triều Mạc,Khu tưởng niệm Vương triều Mạc,Thành phố Hải Phòng,
502,Bãi biển Cửa Lò,Bãi biển Cửa Lò,Nghệ An,
503,Khu bảo tồn thiên nhiên Pù Luông,Pù Luông,Thanh Hoá,Khu bảo tồn thiên nhiên 
504,Khu du lịch sinh thái Tràng An,Tràng An,Ninh Bình,Khu du lịch sinh thái 
505,Tam Cốc - Bích Động,Tam Cốc - Bích Động,Ninh Bình,
506,Bản Lác - Mai Châu,Bản Lác - Mai Châu,Hoà Bình,
507,Đảo Điệp Sơn,Đảo Điệp Sơn,Khánh Hoà,
508,Đảo Bình Ba,Đảo Bình Ba,Khánh Hoà,
509,Đảo Bình Hưng,Đảo Bình Hưng,Khánh Hoà,
510,Thác Yang Bay,Thác Yang Bay,Khánh Hoà,
511,Biển Đại Lãnh,Biển Đại Lãnh,Khánh Hoà,
512,Hòn Yến,Hòn Yến,Phú Yên,
513,Hòn Nưa,Hòn Nưa,Phú Yên,
514,Chùa Tháp Tường Long,Chùa Tháp Tường Long,Thành phố Hải Phòng,
515,Cù Lao Xanh,Cù Lao Xanh,Gia Lai,
516,Thác K50,Thác K50,Huyện KBang,
517,Ghềnh Đá Đĩa,Ghềnh Đá Đĩa,Phú Yên,
518,Bãi Xép,Bãi Xép,Phú Yên,
519,Chùa Phổ Chiếu,Chùa Phổ Chiếu,Thành phố Hải Phòng,
520,Chùa Đỏ (Linh Độ Tự),Chùa Đỏ,Thành phố Hải Phòng,
521,Bến nghiêng - Bến tàu không số,Bến nghiêng - Bến tàu không số,Thành phố Hải Phòng,
522,Hồ Ba Bể,Hồ Ba Bể,Bắc Kạn,
523,Bãi biển Hoàng Hậu,Bãi biển Hoàng Hậu,Gia Lai,
524,Đèo Mã Pì Lèng,Đèo Mã Pì Lèng,Hà Giang,
525,Núi đôi Quản Bạ,Núi đôi Quản Bạ,Hà Giang,
527,Đền Đại Cại - núi Hắc Y,Đền Đại Cại - núi Hắc Y,Lào Cai,
528,Vườn thú Hà Nội,Vườn thú Hà Nội,Thành phố Hà Nội,
529,Điểm du lịch làng nghề sinh vật cảnh Hồng Vân,làng nghề sinh vật cảnh Hồng Vân,Thành phố Hà Nội,Điểm du lịch 
530,Điểm du lịch làng nghề may Vân Từ,làng nghề may Vân Từ,Thành phố Hà Nội,Điểm du lịch 
531,Điểm du lịch làng nghề khảm trai - sơn mài Chuyên Mỹ,làng nghề khảm trai - sơn mài Chuyên Mỹ,Thành phố Hà Nội,Điểm du lịch 
532,Điểm du lịch Di tích Lịch sử nhà tù Hỏa Lò,nhà tù Hỏa Lò,Thành phố Hà Nội,Điểm du lịch Di tích Lịch sử 
533,Làng gốm Bát Tràng,Làng gốm Bát Tràng,Thành phố Hà Nội,
534,Làng cổ Đường Lâm,Làng cổ Đường Lâm,Thành phố Hà Nội,
535,Điểm du lịch Bảo tàng Lịch sử quốc gia,Bảo tàng Lịch sử quốc gia,Thành phố Hà Nội,Điểm du lịch 
536,Bảo tàng Lịch sử Quân sự (Bảo tàng Quân Đội),Bảo tàng Lịch sử Quân sự,Thành phố Hà Nội,
537,Công viên Thiên đường Bảo Sơn,Công viên Thiên đường Bảo Sơn Thành phố Hà Nội,Thành phố Hà Nội,
538,Khu du lịch sinh thái nước khoáng nóng Tiên Lãng,nước khoáng nóng Tiên Lãng,Thành phố Hải Phòng,Khu du lịch sinh thái 
539,Khu di tích Trạng Trình Nguyễn Bỉnh Khiêm,Trạng Trình Nguyễn Bỉnh Khiêm,Thành phố Hải Phòng,Khu di tích 
540,Trung tâm Văn hóa Huyền Trân,Huyền Trân Thành phố Huế,Thành phố Huế,Trung tâm Văn hóa 
541,Cầu Ngói Thanh Toàn,Cầu Ngói Thanh Toàn,Thành phố Huế,
542,Nhà vườn Lương Quán – Nguyệt Biều,Nhà vườn Lương Quán – Nguyệt Biều,Thành phố Huế,
543,Làng Cổ Phước Tích,Làng Cổ Phước Tích,Thành phố Huế,
544,Điểm du lịch sinh thái Đầm Chuồn,sinh thái Đầm Chuồn,Thành phố Huế,Điểm du lịch 
545,Làng nghề truyền thống Hoa giấy Thanh Tiên – Tranh dân gian Làng Sình,Hoa giấy Thanh Tiên – Tranh dân gian Làng Sình,Thành phố Huế,Làng nghề truyền thống 
546,Điểm du lịch sinh thái YesHue Eco,sinh thái YesHue Eco,Thành phố Huế,Điểm du lịch 
547,Hồ Truồi,Hồ Truồi,Thành phố Huế,
548,Thác Nhị Hồ,Thác Nhị Hồ,Thành phố Huế,
549,Bảo tàng Lịch sử thành phố Hồ Chí Minh,Bảo tàng Lịch sử thành phố Hồ Chí Minh,Thành phố Hồ Chí Minh,
550,Chợ Bến Thành,Chợ Bến Thành,Thành phố Hồ Chí Minh,
551,Nhà trưng bày Hoàng Sa,Nhà trưng bày Hoàng Sa,Thành phố Đà Nẵng,
552,Thắng cảnh Hương Sơn,Thắng cảnh Hương Sơn,Thành phố Hà Nội,
553,Thắng cảnh Tràng Kênh,Thắng cảnh Tràng Kênh,Thành phố Hải Phòng,
554,Cảng cá - Chợ cá Thuận Phước,Cảng cá - Chợ cá Thuận Phước,Thành phố Đà Nẵng,
555,Làng cổ Tuý Loan,Làng cổ Tuý Loan,Thành phố Đà Nẵng,
556,Đền Nghè,Đền Nghè,Thành phố Hải Phòng,
557,Khu Bảo tồn sinh quyển thế giới Cát Bà,Khu Bảo tồn sinh quyển thế giới Cát Bà,Thành phố Hải Phòng,
558,Thành phố Hải Phòng,Thành phố Hải Phòng,Thành phố Hải Phòng,
559,Biệt thự Bảo Đại,Biệt thự Bảo Đại,Thành phố Hải Phòng,
560,Nghĩa trang Khuê Trung,Nghĩa trang Khuê Trung,Thành phố Đà Nẵng,
561,Đình Nại Nam,Đình Nại Nam,Thành phố Đà Nẵng,
562,Nhà thờ phái chư tộc Quá Giáng,Nhà thờ phái chư tộc Quá Giáng,Thành phố Đà Nẵng,
563,Thành Điện Hải,Thành Điện Hải,Thành phố Đà Nẵng,
564,Mộ Ông Ích Khiêm,Mộ Ông Ích Khiêm,Thành phố Đà Nẵng,
565,Cung Thể thao Tiên Sơn,Cung Thể thao Tiên Sơn,Thành phố Đà Nẵng,
566,Đình Bồ Bản,Đình Bồ Bản,Thành phố Đà Nẵng,
567,Đình Tuý Loan,Đình Tuý Loan,Thành phố Đà Nẵng,
568,Làng đá mỹ nghệ Non Nước,Làng đá mỹ nghệ Non Nước,Thành phố Đà Nẵng,
569,Bãi biển Nam Ô,Bãi biển Nam Ô,Thành phố Đà Nẵng,
570,Bảo tàng điêu khắc Chămpa,Bảo tàng điêu khắc Chămpa,Thành phố Đà Nẵng,
571,Bà Nà - Núi Chúa,Bà Nà - Núi Chúa,Thành phố Đà Nẵng,
572,Ngũ Hành Sơn,Ngũ Hành Sơn,Thành phố Đà Nẵng,
573,Đình Hàng Kênh,Đình Hàng Kênh,Thành phố Hải Phòng,
574,Bãi biển Ðồ Sơn,Bãi biển Ðồ Sơn,Thành phố Hải Phòng,
575,Chùa Tam Thai,Chùa Tam Thai,Thành phố Đà Nẵng,
576,Đèo Hải Vân,Đèo Hải Vân,Thành phố Đà Nẵng,
577,Khu bảo tồn thiên nhiên Sơn Trà,Sơn Trà,Thành phố Đà Nẵng,Khu bảo tồn thiên nhiên 
578,Lễ hội Cá Ông,Lễ hội Cá Ông,Thành phố Đà Nẵng,
579,Bảo tàng Hồ Chí Minh,Bảo tàng Hồ Chí Minh Thành phố Đà Nẵng,Thành phố Đà Nẵng,
661,Bảo tàng Hồ Chí Minh,Bảo tàng Hồ Chí Minh Thành phố Hà Nội,Thành phố Hà Nội,
580,Bến Ninh Kiều,Bến Ninh Kiều,Thành phố Cần Thơ,
581,Thiền viện Trúc Lâm Phương Nam,Thiền viện Trúc Lâm Phương Nam,Thành phố Cần Thơ,
582,Chùa Nam Nhã,Chùa Nam Nhã,Thành phố Cần Thơ,
583,Du lịch vườn Cần Thơ,Du lịch vườn Cần Thơ,Thành phố Cần Thơ,
584,Đình Bình Thủy,Đình Bình Thủy,Thành phố Cần Thơ,
585,Chợ nổi Cái Răng,Chợ nổi Cái Răng,Thành phố Cần Thơ,
586,Nhà cổ Bình Thủy,Nhà cổ Bình Thủy,Thành phố Cần Thơ,
587,Chùa Ông,Chùa Ông Thành phố Cần Thơ,Thành phố Cần Thơ,
815,Chùa Ông,Chùa Ông Quảng Nam,Quảng Nam,
588,Bảo tàng Phụ nữ Nam Bộ,Bảo tàng Phụ nữ Nam Bộ,Thành phố Hồ Chí Minh,
589,Bảo tàng Mỹ thuật Tp. Hồ Chí Minh,Bảo tàng Mỹ thuật Tp. Hồ Chí Minh,Thành phố Hồ Chí Minh,
590,Bảo tàng chứng tích chiến tranh,Bảo tàng chứng tích chiến tranh,Thành phố Hồ Chí Minh,
591,Đền Ngọc Sơn,Đền Ngọc Sơn,Thành phố Hà Nội,
592,Lăng Đồng Khánh,Lăng Đồng Khánh,Thành phố Huế,
593,Hội quán Quảng Đông,Hội quán Quảng Đông,Quảng Nam,
594,Bãi biển Sầm Sơn,Bãi biển Sầm Sơn,Thanh Hoá,
595,Chùa Quán Sứ,Chùa Quán Sứ,Thành phố Hà Nội,
596,Hồ Đa Nhim - Đèo Ngoạn Mục,Hồ Đa Nhim - Đèo Ngoạn Mục,Lâm Đồng,
597,Bãi biển Cửa Tùng,Bãi biển Cửa Tùng,Huyện Vĩnh Linh,
598,Suối nước khoáng Mỹ An,Suối nước khoáng Mỹ An,Thành phố Huế,
599,Khu di tích lăng Mạc Cửu,lăng Mạc Cửu,An Giang,Khu di tích 
600,Cầu Trường Tiền,Cầu Trường Tiền,Thành phố Huế,
601,Vườn quốc gia Bạch Mã,Bạch Mã,Thành phố Huế,Vườn quốc gia 
602,Lăng Dục Ðức,Lăng Dục Ðức,Thành phố Huế,
603,Lăng Gia Long (Thiên Thọ Lăng),Lăng Gia Long,Thành phố Huế,
604,Núi Ngự Bình,Núi Ngự Bình,Thành phố Huế,
606,Làng Dương Nỗ,Làng Dương Nỗ,Thành phố Huế,
607,Làng cổ Phước Tích,Làng cổ Phước Tích,Thành phố Huế,
608,Chùa Thiên Mụ,Chùa Thiên Mụ,Thành phố Huế,
609,Cửu vị thần công,Cửu vị thần công,Thành phố Huế,
610,Lăng Minh Mạng,Lăng Minh Mạng,Thành phố Huế,
611,Ngọ Môn,Ngọ Môn,Thành phố Huế,
612,Chợ Đông Ba,Chợ Đông Ba,Thành phố Huế,
613,Lăng Tự Ðức (Khiêm Lăng),Lăng Tự Ðức,Thành phố Huế,
614,Lăng Khải Định (Ứng Lăng),Lăng Khải Định,Thành phố Huế,
615,Bãi biển Thuận An,Bãi biển Thuận An,Thành phố Huế,
616,Bãi biển Lăng Cô,Bãi biển Lăng Cô,Thành phố Huế,
617,Hiển Lâm Các,Hiển Lâm Các,Thành phố Huế,
618,Bảo tàng Mỹ thuật Cung đình Huế,Bảo tàng Mỹ thuật Cung đình Huế,Thành phố Huế,
619,Kinh thành Huế,Kinh thành Huế,Thành phố Huế,
620,Kỳ Ðài Huế,Kỳ Ðài Huế,Thành phố Huế,
621,Nhà vườn An Hiển,Nhà vườn An Hiển,Thành phố Huế,
622,Cung An Định,Cung An Định,Thành phố Huế,
623,Văn Miếu Huế,Văn Miếu Huế,Thành phố Huế,
624,Thế Miếu,Thế Miếu,Thành phố Huế,
625,Làng nón Phú Cam,Làng nón Phú Cam,Thành phố Huế,
626,Thái Bình Lâu,Thái Bình Lâu,Thành phố Huế,
627,Bãi biển Cảnh Dương,Bãi biển Cảnh Dương,Thành phố Huế,
628,Ðàn Nam Giao,Ðàn Nam Giao,Thành phố Huế,
629,Nhà thờ dòng chúa Cứu Thế,Nhà thờ dòng chúa Cứu Thế,Thành phố Huế,
630,Khu nghỉ dưỡng suối nước khoáng nóng Thanh Tân,suối nước khoáng nóng Thanh Tân,Thành phố Huế,Khu nghỉ dưỡng 
632,Khu du lịch và vườn Quốc gia Ba Vì,Ba Vì,Thành phố Hà Nội,Khu du lịch và vườn Quốc gia 
633,Việt phủ Thành Chương,Việt phủ Thành Chương,Thành phố Hà Nội,
634,Bảo tàng Phụ nữ Việt Nam,Bảo tàng Phụ nữ Việt Nam,Thành phố Hà Nội,
635,Thành cổ Sơn Tây,Thành cổ Sơn Tây,Thành phố Hà Nội,
636,Làng mây tre đan Phú Vinh,Làng mây tre đan Phú Vinh,Thành phố Hà Nội,
637,Làng lụa Vạn Phúc,Làng lụa Vạn Phúc,Thành phố Hà Nội,
638,Chùa Trấn Quốc,Chùa Trấn Quốc,Thành phố Hà Nội,
639,Cầu Long Biên,Cầu Long Biên,Thành phố Hà Nội,
640,Bảo tàng Mỹ thuật Việt Nam,Bảo tàng Mỹ thuật Việt Nam,Thành phố Hà Nội,
641,Làng Văn hóa - Du lịch các dân tộc Việt Nam,Làng Văn hóa - Du lịch các dân tộc Việt Nam,Thành phố Hà Nội,
642,Nhà hát lớn Hà Nội,Nhà hát lớn Hà Nội,Thành phố Hà Nội,
643,Bảo tàng Dân tộc học Việt Nam,Bảo tàng Dân tộc học Việt Nam,Thành phố Hà Nội,
644,Chùa Một Cột,Chùa Một Cột,Thành phố Hà Nội,
645,Chùa Trăm Gian,Chùa Trăm Gian,Thành phố Hà Nội,
646,Hồ Trúc Bạch,Hồ Trúc Bạch,Thành phố Hà Nội,
647,Thành phố Hà Nội,Thành phố Hà Nội,Thành phố Hà Nội,
648,Chùa Trầm,Chùa Trầm,Thành phố Hà Nội,
649,Làng đúc đồng Ngũ Xã,Làng đúc đồng Ngũ Xã,Thành phố Hà Nội,
650,Làng rối nước Đào Thục,Làng rối nước Đào Thục,Thành phố Hà Nội,
651,Khu phố cổ Hà Nội,Khu phố cổ Hà Nội,Thành phố Hà Nội,
652,Đình Tây Đằng,Đình Tây Đằng,Thành phố Hà Nội,
653,Trung tâm Hội nghị Quốc gia,Hội nghị Quốc gia,Thành phố Hà Nội,Trung tâm 
654,Khu du lịch rừng tự nhiên Bằng Tạ,rừng tự nhiên Bằng Tạ,Thành phố Hà Nội,Khu du lịch 
655,Công viên Thống Nhất,Công viên Thống Nhất,Thành phố Hà Nội,
656,Chùa Vạn Niên,Chùa Vạn Niên,Thành phố Hà Nội,
657,Làng nghề mỹ nghệ Sơn Đồng,Làng nghề mỹ nghệ Sơn Đồng,Thành phố Hà Nội,
658,Khu du lịch Đồng Mô,Đồng Mô,Thành phố Hà Nội,Khu du lịch 
659,Quảng trường Ba Đình,Quảng trường Ba Đình,Thành phố Hà Nội,
660,Sân golf Đồng Mô,Sân golf Đồng Mô,Thành phố Hà Nội,
662,Hậu Lâu,Hậu Lâu,Thành phố Hà Nội,
663,Khu du lịch sinh thái Thác Đa,Thác Đa,Thành phố Hà Nội,Khu du lịch sinh thái 
664,Lễ hội chùa Hương,Lễ hội chùa Hương,Thành phố Hà Nội,
665,Công viên nước Đầm Sen,Công viên nước Đầm Sen,Thành phố Hồ Chí Minh,
666,Chùa Giác Lâm,Chùa Giác Lâm,Thành phố Hồ Chí Minh,
667,Chùa Linh Sơn,Chùa Linh Sơn Thành phố Hồ Chí Minh,Thành phố Hồ Chí Minh,
704,Chùa Linh Sơn,Chùa Linh Sơn Lâm Đồng,Lâm Đồng,
668,Dinh Độc Lập,Dinh Độc Lập,Thành phố Hồ Chí Minh,
669,Nhà hát thành phố Hồ Chí Minh,Nhà hát thành phố Hồ Chí Minh,Thành phố Hồ Chí Minh,
670,Làng du lịch Bình Quới,Làng du lịch Bình Quới,Thành phố Hồ Chí Minh,
671,Ðịa đạo Củ Chi,Ðịa đạo Củ Chi,Thành phố Hồ Chí Minh,
672,Chùa Vĩnh Nghiêm,Chùa Vĩnh Nghiêm Thành phố Hồ Chí Minh,Thành phố Hồ Chí Minh,
944,Chùa Vĩnh Nghiêm,Chùa Vĩnh Nghiêm Bắc Ninh,Bắc Ninh,
673,Khu du lịch Suối Tiên,Suối Tiên Thành phố Hồ Chí Minh,Thành phố Hồ Chí Minh,Khu du lịch 
962,Suối Tiên,Suối Tiên Bà Rịa - Vũng Tàu,Bà Rịa - Vũng Tàu,
674,Nhà thờ Chợ Quán,Nhà thờ Chợ Quán,Thành phố Hồ Chí Minh,
675,Chùa Xá Lợi,Chùa Xá Lợi,Thành phố Hồ Chí Minh,
676,Đền thờ Trần Hưng Đạo,Đền thờ Trần Hưng Đạo,Thành phố Hồ Chí Minh,
677,Nhà thờ Thánh Phanxicô Xaviê (Nhà thờ Cha Tam),Nhà thờ Thánh Phanxicô Xaviê,Thành phố Hồ Chí Minh,
678,Khu du lịch Một Thoáng Việt Nam,Một Thoáng Việt Nam,Thành phố Hồ Chí Minh,Khu du lịch 
679,Bát Bửu Phật Đài,Bát Bửu Phật Đài,Thành phố Hồ Chí Minh,
680,Thảo Cầm Viên,Thảo Cầm Viên,Thành phố Hồ Chí Minh,
681,Chợ Bình Tây,Chợ Bình Tây,Thành phố Hồ Chí Minh,
682,Phố đi bộ Nguyễn Huệ,Phố đi bộ Nguyễn Huệ,Thành phố Hồ Chí Minh,
683,Núi Mẫu Sơn,Núi Mẫu Sơn,Lạng Sơn,
684,Động Tam Thanh,Động Tam Thanh,Lạng Sơn,
685,Thành cổ Nghị Lang,Thành cổ Nghị Lang,Huyện Bảo Yên,
686,Vườn Quốc gia Hoàng Liên,Hoàng Liên,Thị xã Sa Pa,Vườn Quốc gia 
687,Chợ phiên Bắc Hà,Chợ phiên Bắc Hà,Huyện Bắc Hà,
689,Làng Cát Cát ở Sa Pa,Làng Cát Cát ở Sa Pa,Thị xã Sa Pa,
690,Dinh Hoàng A Tưởng (Lâu đài Hoàng Yến Chao),Dinh Hoàng A Tưởng,Huyện Bắc Hà,
691,Thung lũng hoa Bắc Hà,Thung lũng hoa Bắc Hà,Huyện Bắc Hà,
692,Bản Dền,Bản Dền,Thị xã Sa Pa,
693,Động Hàm Rồng,Động Hàm Rồng,Huyện Mường Khương,
694,Chợ Cao Sơn,Chợ Cao Sơn,Huyện Mường Khương,
695,Nhà thờ Đà Lạt,Nhà thờ Đà Lạt,Lâm Đồng,
696,Hồ Suối Vàng,Hồ Suối Vàng,Lâm Đồng,
697,Thành phố Đà Lạt,Thành phố Đà Lạt,Lâm Đồng,
698,Thác Đatanla,Thác Đatanla,Lâm Đồng,
699,Chợ Đà Lạt,Chợ Đà Lạt,Lâm Đồng,
700,Hồ Than Thở,Hồ Than Thở,Lâm Đồng,
701,Chùa Linh Phong (Chùa sư nữ),Chùa Linh Phong,Lâm Đồng,
702,Vườn hoa Đà Lạt,Vườn hoa Đà Lạt,Lâm Đồng,
703,Thung lũng Tình yêu,Thung lũng Tình yêu,Lâm Đồng,
705,Khu du lịch sinh thái Núi Voi,Núi Voi,Lâm Đồng,Khu du lịch sinh thái 
706,Thác Liêng Rơwoa (Thác Voi),Thác Liêng Rơwoa,Lâm Đồng,
707,Khu bảo tồn đất ngập nước Láng Sen,Khu bảo tồn đất ngập nước Láng Sen,Tây Ninh,
708,Cụm di tích Bình Tả,Bình Tả,Tây Ninh,Cụm di tích 
709,Chùa Tôn Thạnh,Chùa Tôn Thạnh,Tây Ninh,
710,Sìn Hồ,Sìn Hồ,Lai Châu,
711,Chợ rừng Dào San,Chợ rừng Dào San,Lai Châu,
712,Chùa Phổ Minh,Chùa Phổ Minh,Nam Định,
713,Vườn quốc gia Xuân Thủy,Xuân Thủy,Nam Định,Vườn quốc gia 
714,Chùa Cổ Lễ,Chùa Cổ Lễ,Nam Định,
715,Nhà thờ gỗ Kon Tum,Nhà thờ gỗ Kon Tum,Kon Tum,
716,Vườn quốc gia Chư Mom Ray,Chư Mom Ray,Kon Tum,Vườn quốc gia 
717,Ngục Kon Tum,Ngục Kon Tum,Kon Tum,
718,Đền Cuông,Đền Cuông,Nghệ An,
719,Vườn quốc gia Pù Mát,Pù Mát,Nghệ An,Vườn quốc gia 
720,Khu di tích lịch sử Truông Bồn,lịch sử Truông Bồn,Nghệ An,Khu di tích 
721,Khu du lịch núi Quyết,núi Quyết,Nghệ An,Khu du lịch 
722,Chợ vùng biên Nậm Cắn,Chợ vùng biên Nậm Cắn,Nghệ An,
723,Đền Quả Sơn,Đền Quả Sơn,Nghệ An,
724,Buôn Jun,Buôn Jun,Đắc Lắk,
725,Hang Thẩm Ồm,Hang Thẩm Ồm,Nghệ An,
726,Khu du lịch sinh thái biển Bãi Lữ,biển Bãi Lữ,Nghệ An,Khu du lịch sinh thái 
727,Thắng cảnh Thạch Động,Thắng cảnh Thạch Động,An Giang,
728,Nhà tù Phú Quốc,Nhà tù Phú Quốc,An Giang,
729,Thắng cảnh Hà Tiên,Thắng cảnh Hà Tiên,An Giang,
730,Vườn Quốc gia Phú Quốc,Phú Quốc,An Giang,Vườn Quốc gia 
731,Vườn Quốc gia U Minh Thượng,U Minh Thượng,An Giang,Vườn Quốc gia 
732,Công viên Vinpearl Safari Phú Quốc,Công viên Vinpearl Safari Phú Quốc,An Giang,
733,Vườn Quốc gia Cúc Phương,Cúc Phương,Ninh Bình,Vườn Quốc gia 
734,Khu du lịch sinh thái vườn chim Thung Nham,vườn chim Thung Nham,Ninh Bình,Khu du lịch sinh thái 
735,Suối nước nóng Kênh Gà,Suối nước nóng Kênh Gà,Ninh Bình,
736,Nhà thờ Phát Diệm,Nhà thờ Phát Diệm,Ninh Bình,
737,Khu bảo tồn thiên nhiên đất ngập nước Vân Long,đất ngập nước Vân Long,Ninh Bình,Khu bảo tồn thiên nhiên 
738,Động Thiên Hà,Động Thiên Hà,Ninh Bình,
739,Tháp Bà Ponagar,Tháp Bà Ponagar,Khánh Hoà,
740,Vịnh Vân Phong,Vịnh Vân Phong,Khánh Hoà,
741,Vịnh Nha Trang,Vịnh Nha Trang,Khánh Hoà,
742,Nhà thờ Đá Nha Trang,Nhà thờ Đá Nha Trang,Khánh Hoà,
743,Trung tâm Du lịch Suối khoáng nóng Tháp Bà Nha Trang,Du lịch Suối khoáng nóng Tháp Bà Nha Trang,Khánh Hoà,Trung tâm 
744,Viện Hải Dương Học,Viện Hải Dương Học,Khánh Hoà,
745,Khu du lịch Con Sẻ Tre,Con Sẻ Tre,Khánh Hoà,Khu du lịch 
746,Khu du lịch Hòn Ngọc Việt,Hòn Ngọc Việt,Khánh Hoà,Khu du lịch 
747,Khu du lịch Hồ cá Trí Nguyên,Hồ cá Trí Nguyên,Khánh Hoà,Khu du lịch 
748,Văn miếu Diên Khánh,Văn miếu Diên Khánh,Khánh Hoà,
749,Đền thờ Trần Quý Cáp,Đền thờ Trần Quý Cáp,Khánh Hoà,
750,Thành cổ Diên Khánh,Thành cổ Diên Khánh,Khánh Hoà,
752,Bán đảo Đầm Môn,Bán đảo Đầm Môn,Khánh Hoà,
753,Bia Võ Cạnh,Bia Võ Cạnh,Khánh Hoà,
754,Khu du lịch Vĩnh Hy,Vĩnh Hy,Ninh Thuận,Khu du lịch 
755,Tháp Hòa Lai,Tháp Hòa Lai,Ninh Thuận,
756,Tháp Pôrômê,Tháp Pôrômê,Ninh Thuận,
757,Làng du lịch Cà Ná,Làng du lịch Cà Ná,Ninh Thuận,
758,Phố Hiến,Phố Hiến,Hưng Yên,
759,Đền Chử Đồng Tử,Đền Chử Đồng Tử,Hưng Yên,
760,Chùa Hiến,Chùa Hiến,Hưng Yên,
761,Đền Đậu An,Đền Đậu An,Hưng Yên,
762,Chùa Nễ Châu,Chùa Nễ Châu,Hưng Yên,
763,Đền Mẫu,Đền Mẫu,Hưng Yên,
764,Đền Ghênh,Đền Ghênh,Hưng Yên,
765,Suối nước nóng Kim Bôi,Suối nước nóng Kim Bôi,Hoà Bình,
766,Hang Mỏ Luông (Hang Bộ Đội),Hang Mỏ Luông,Hoà Bình,
767,Thủy điện Hòa Bình,Thủy điện Hòa Bình,Hoà Bình,
768,Bản dân tộc Mường,Bản dân tộc Mường,Hoà Bình,
770,Đền Quốc mẫu Âu Cơ,Đền Quốc mẫu Âu Cơ,Phú Thọ,
771,Vườn quốc gia Xuân Sơn,Xuân Sơn,Phú Thọ,Vườn quốc gia 
772,Động Tiên Phi,Động Tiên Phi,Hoà Bình,
773,Đầm Ao Châu,Đầm Ao Châu,Phú Thọ,
774,Núi Thắm,Núi Thắm,Phú Thọ,
775,Khu di tích đền Hùng,đền Hùng,Phú Thọ,Khu di tích 
776,Chợ nổi Phụng Hiệp,Chợ nổi Phụng Hiệp,Hậu Giang,
777,Vũng Rô,Vũng Rô,Phú Yên,
778,Đầm Ô Loan,Đầm Ô Loan,Phú Yên,
779,Tháp Nhạn,Tháp Nhạn,Phú Yên,
780,Bãi Môn - Mũi Đại Lãnh,Bãi Môn - Mũi Đại Lãnh,Phú Yên,
781,Địa đạo Gò Thì Thùng,Địa đạo Gò Thì Thùng,Phú Yên,
782,Khu di tích Phượng Hoàng,Phượng Hoàng,Hải Dương,Khu di tích 
783,Khu di tích danh thắng Côn Sơn,danh thắng Côn Sơn,Hải Dương,Khu di tích 
784,Đảo Cò Chi Lăng Nam,Đảo Cò Chi Lăng Nam,Hải Dương,
785,Đền thờ Chu Văn An,Đền thờ Chu Văn An,Hải Dương,
786,Đền Kiếp Bạc,Đền Kiếp Bạc,Hải Dương,
787,Suối Nước Moọc,Suối Nước Moọc,Quảng Trị,
788,Di sản thiên nhiên thế giới Phong Nha - Kẻ Bàng,Di sản thiên nhiên thế giới Phong Nha - Kẻ Bàng,Quảng Trị,
789,Khu mộ Đại tướng Võ Nguyên Giáp,Khu mộ Đại tướng Võ Nguyên Giáp,Quảng Trị,
790,Suối nước khoáng nóng Bang,Suối nước khoáng nóng Bang,Quảng Trị,
791,Hang Tối,Hang Tối,Quảng Trị,
792,Hồ Kẻ Gỗ,Hồ Kẻ Gỗ,Hà Tĩnh,
793,Núi Hồng Lĩnh,Núi Hồng Lĩnh,Hà Tĩnh,
794,Khu di tích thanh niên xung phong Ngã ba Đồng Lộc,thanh niên xung phong Ngã ba Đồng Lộc,Hà Tĩnh,Khu di tích 
795,Núi Thiên Cầm,Núi Thiên Cầm,Hà Tĩnh,
796,Khu lưu niệm cụ Nguyễn Du,cụ Nguyễn Du,Hà Tĩnh,Khu lưu niệm 
797,Đền Chiêu Trưng,Đền Chiêu Trưng,Hà Tĩnh,
798,Bãi biển Xuân Thành,Bãi biển Xuân Thành,Hà Tĩnh,
799,Chùa và hồ Thiên Tượng,Chùa và hồ Thiên Tượng,Hà Tĩnh,
800,Đền Trúc - Ngũ Động Sơn,Đền Trúc - Ngũ Động Sơn,Hà Nam,
801,Chùa Bà Đanh- Núi Ngọc,Chùa Bà Đanh - Núi Ngọc,Hà Nam,
802,Khu phố cổ Hội An,Khu phố cổ Hội An,Quảng Nam,
803,Làng nghề đúc đồng Phước Kiều,Làng nghề đúc đồng Phước Kiều,Quảng Nam,
804,Chùa Long Đọi Sơn,Chùa Long Đọi Sơn,Hà Nam,
805,Làng gốm Thanh Hà,Làng gốm Thanh Hà,Quảng Nam,
806,Di sản văn hóa Mỹ Sơn,Di sản văn hóa Mỹ Sơn,Quảng Nam,
807,Thành phố Hội An,Thành phố Hội An,Quảng Nam,
808,Làng rau Trà Quế,Làng rau Trà Quế,Quảng Nam,
809,Tháp Chiên Đàn,Tháp Chiên Đàn,Quảng Nam,
810,Chùa Phước Lâm,Chùa Phước Lâm,Quảng Nam,
811,Sông Thu Bồn,Sông Thu Bồn,Quảng Nam,
812,Hòn Kẽm Đá Dừng,Hòn Kẽm Đá Dừng,Quảng Nam,
813,Cẩm Nam - Khu du lịch miệt vườn,Cẩm Nam - Khu du lịch miệt vườn,Quảng Nam,
814,Hồ Phú Ninh,Hồ Phú Ninh,Quảng Nam,
816,Du lịch sinh thái Thuận Tình,Du lịch sinh thái Thuận Tình,Quảng Nam,
817,Bãi biển Tam Thanh,Bãi biển Tam Thanh,Quảng Nam,
818,Cột cờ Lũng Cú,Cột cờ Lũng Cú,Hà Giang,
819,Hang Phương Thiện,Hang Phương Thiện,Hà Giang,
820,Dinh thự họ Vương,Dinh thự họ Vương,Hà Giang,
821,Công viên địa chất Cao nguyên đá Đồng Văn,Công viên địa chất Cao nguyên đá Đồng Văn,Hà Giang,
822,Công viên Đồng Xanh,Công viên Đồng Xanh,Thành phố Pleiku,
823,Thác Xung Khoeng,Thác Xung Khoeng,Huyện Chư Prông,
824,Vườn Quốc gia Kon Ka Kinh,Kon Ka Kinh,,Vườn Quốc gia 
825,Chùa Bửu Nghiêm,Chùa Bửu Nghiêm,Thành phố Pleiku,
826,Thủy điện Yaly,Thủy điện Yaly,Huyện Chư Păh,
827,Khu di tích cụ Phó bảng Nguyễn Sinh Sắc,cụ Phó bảng Nguyễn Sinh Sắc,Thành phố Cao Lãnh,Khu di tích 
828,Xẻo Quýt - khu di tích lịch sử - sinh thái rừng tràm,Xẻo Quýt - khu di tích lịch sử - sinh thái rừng tràm,Huyện Cao Lãnh,
829,Mộ cổ Hàng Gòn,Mộ cổ Hàng Gòn,Đồng Nai,
830,Chùa Bửu Phong,Chùa Bửu Phong,Đồng Nai,
831,Khu du lịch Bửu Long - hồ Long Ẩn,Bửu Long - hồ Long Ẩn,Đồng Nai,Khu du lịch 
832,Vườn quốc gia Cát Tiên,Cát Tiên,Đồng Nai,Vườn quốc gia 
833,Chùa Ngọa Vân,Chùa Ngọa Vân,Quảng Ninh,
834,Bảo tàng chiến thắng Điện Biên Phủ,Bảo tàng chiến thắng Điện Biên Phủ,Điện Biên,
835,Đồi A1,Đồi A1,Điện Biên,
836,Khu căn cứ quân sự Khe Sanh,Khu căn cứ quân sự Khe Sanh,Huyện Hướng Hóa,
837,Thành cổ Quảng Trị,Thành cổ Quảng Trị,Thị xã Quảng Trị,
838,Cụm di tích lịch sử Đôi bờ cầu Hiền Lương - Bến Hải,Đôi bờ cầu Hiền Lương - Bến Hải,Huyện Vĩnh Linh,Cụm di tích lịch sử 
839,Thắng cảnh Đakrông,Thắng cảnh Đakrông,Huyện Đa Krông,
840,Nghĩa trang liệt sĩ Trường Sơn,Nghĩa trang liệt sĩ Trường Sơn,Huyện Gio Linh,
841,Địa đạo Vịnh Mốc,Địa đạo Vịnh Mốc,Huyện Vĩnh Linh,
842,Thác Gia Long,Thác Gia Long,Đắc Nông,
843,Thác Trinh Nữ,Thác Trinh Nữ,Đắc Nông,
844,Nhà đày Buôn Ma Thuột,Nhà đày Buôn Ma Thuột,Đắc Lắk,
845,Mộ vua săn bắt Voi,Mộ vua săn bắt Voi,Đắc Lắk,
846,Thác Ba Tầng,Thác Ba Tầng,Đắc Nông,
847,Vườn quốc gia Yok Đôn,Yok Đôn,Đắc Lắk,Vườn quốc gia 
848,Thác Diệu Thanh,Thác Diệu Thanh,Đắc Nông,
849,Hồ Lắk,Hồ Lắk,Đắc Lắk,
850,Chùa Khải Đoan,Chùa Khải Đoan,Đắc Lắk,
851,Buôn Đôn,Buôn Đôn,Đắc Lắk,
852,Thác Krông Kmar,Thác Krông Kmar,Đắc Lắk,
853,Buôn Ako Dhong,Buôn Ako Dhong,Đắc Lắk,
854,Khu du lịch Bình An,Bình An,Sóc Trăng,Khu du lịch 
855,Vườn cò Tân Long,Vườn cò Tân Long,Sóc Trăng,
856,Chùa Dơi,Chùa Dơi,Sóc Trăng,
857,Chùa Đất Sét,Chùa Đất Sét,Sóc Trăng,
858,Bảo tàng Khmer Sóc Trăng,Bảo tàng Khmer Sóc Trăng,Sóc Trăng,
859,Chùa Kh'leang,Chùa Kh'leang,Sóc Trăng,
860,Chùa Sà Lôn (chùa Chén Kiểu),Chùa Sà Lôn,Sóc Trăng,
861,Khu di tích nhà tù và bảo tàng tỉnh Sơn La,nhà tù và bảo tàng tỉnh Sơn La,Sơn La,Khu di tích 
862,Mũi Cà Mau,Mũi Cà Mau Cà Mau,Cà Mau,
864,Cao nguyên Mộc Châu,Cao nguyên Mộc Châu,Sơn La,
865,Vườn chim trong thành phố,Vườn chim trong thành phố,Cà Mau,
866,Toà thánh Cao Đài Tây Ninh,Toà thánh Cao Đài Tây Ninh,Huyện Hòa Thành,
867,Chùa Quan Âm,Chùa Quan Âm,Cà Mau,
868,Vườn quốc gia Lò Gò - Xa Mát,Lò Gò - Xa Mát,Huyện Tân Biên,Vườn quốc gia 
869,Bãi biển Mũi Né,Bãi biển Mũi Né,Bình Thuận,
870,Núi Bà Đen,Núi Bà Đen,Thành phố Tây Ninh,
871,Trung tâm Bùn khoáng nóng Mũi Né,Bùn khoáng nóng Mũi Né,Bình Thuận,Trung tâm 
872,Chùa Núi Tà Cú,Chùa Núi Tà Cú,Bình Thuận,
873,Hòn Rơm,Hòn Rơm,Bình Thuận,
874,Mũi Né,Mũi Né,Bình Thuận,
875,Khu du lịch sinh thái Đồi Sứ,Đồi Sứ,Bình Thuận,Khu du lịch sinh thái 
876,Khu du lịch Non Nước,Non Nước,Bình Thuận,Khu du lịch 
877,Chùa Keo,Chùa Keo,Thái Bình,
878,Khu du lịch biển Đồng Châu,biển Đồng Châu,Thái Bình,Khu du lịch 
879,Làng chạm bạc Đồng Xâm,Làng chạm bạc Đồng Xâm,Thái Bình,
880,Đền Tiên La,Đền Tiên La,Thái Bình,
881,Đền Đồng Xâm,Đền Đồng Xâm,Thái Bình,
882,Làng vườn Bách Thuận,Làng vườn Bách Thuận,Thái Bình,
883,Khu du lịch sinh thái Bà Rá – Thác Mơ,Bà Rá – Thác Mơ,Bình Phước,Khu du lịch sinh thái 
884,Khu du lịch Sóc Xiêm,Sóc Xiêm,Bình Phước,Khu du lịch 
885,Thắng cảnh hồ Núi Cốc,Thắng cảnh hồ Núi Cốc,Thái Nguyên,
886,Bảo tàng Văn hoá các Dân tộc Việt Nam,Bảo tàng Văn hoá các Dân tộc Việt Nam,Thái Nguyên,
887,"Hang Phượng Hoàng, Suối Mỏ Gà","Hang Phượng Hoàng, Suối Mỏ Gà",Thái Nguyên,
888,ATK - an toàn khu kháng chiến,ATK - an toàn khu kháng chiến,Thái Nguyên,
889,Khu du lịch Lạc Cảnh Đại Nam Văn Hiến,Lạc Cảnh Đại Nam Văn Hiến,Bình Dương,Khu du lịch 
890,Làng sơn mài Tương Bình Hiệp,Làng sơn mài Tương Bình Hiệp,Bình Dương,
891,Chùa Hội Khánh,Chùa Hội Khánh,Bình Dương,
892,Sân golf Sông Bé,Sân golf Sông Bé,Bình Dương,
893,Chùa núi Châu Thới,Chùa núi Châu Thới,Bình Dương,
894,Vườn cây ăn trái Lái Thiêu,Vườn cây ăn trái Lái Thiêu,Bình Dương,
895,Thành cổ Hoàng Đế,Thành cổ Hoàng Đế,Gia Lai,
896,Tháp Bánh Ít,Tháp Bánh Ít,Gia Lai,
897,Bảo tàng Quang Trung,Bảo tàng Quang Trung,Gia Lai,
898,Tháp Dương Long,Tháp Dương Long,Gia Lai,
899,Tháp Đôi,Tháp Đôi,Gia Lai,
900,Chùa Long Khánh,Chùa Long Khánh,Gia Lai,
901,Ghềnh Ráng Tiên Sa,Ghềnh Ráng Tiên Sa,Gia Lai,
902,Suối nước nóng Hội Vân,Suối nước nóng Hội Vân,Gia Lai,
903,Vườn Quốc gia Bến En,Bến En,Thanh Hoá,Vườn Quốc gia 
904,Thành nhà Hồ,Thành nhà Hồ,Thanh Hoá,
905,Di tích lịch sử Lam Kinh,Lam Kinh,Thanh Hoá,Di tích lịch sử 
906,Khu di tích lịch sử văn hóa Hàm Rồng,lịch sử văn hóa Hàm Rồng,Thanh Hoá,Khu di tích 
907,Hòn Trống Mái,Hòn Trống Mái,Thanh Hoá,
908,Hang cá Cẩm Lương,Hang cá Cẩm Lương,Thanh Hoá,
909,Đền Bà Triệu,Đền Bà Triệu,Thanh Hoá,
910,Làng cây kiểng Cái Mơn,Làng cây kiểng Cái Mơn,Bến Tre,
911,Động Từ Thức,Động Từ Thức,Thanh Hoá,
912,Chùa Tuyên Linh,Chùa Tuyên Linh,Bến Tre,
913,Mộ Nguyễn Đình Chiểu,Mộ Nguyễn Đình Chiểu,Bến Tre,
914,Khu di tích Đồng Khởi,Đồng Khởi,Bến Tre,Khu di tích 
915,Sân chim Vàm Hồ,Sân chim Vàm Hồ,Bến Tre,
916,Đình Bình Hòa,Đình Bình Hòa,Bến Tre,
917,Chùa Dâu,Chùa Dâu,Huyện Thuận Thành,
918,Chùa Phật Tích,Chùa Phật Tích,Huyện Tiên Du,
919,Đình làng Đình Bảng,Đình làng Đình Bảng,Thị xã Từ Sơn,
920,Chùa Bút Tháp,Chùa Bút Tháp,Huyện Thuận Thành,
922,Làng gốm Phù Lãng,Làng gốm Phù Lãng,Huyện Quế Võ,
923,Đền Đô,Đền Đô,Thị xã Từ Sơn,
924,Chùa Vĩnh Tràng,Chùa Vĩnh Tràng,Đồng Tháp,
925,Chợ nổi Cái Bè,Chợ nổi Cái Bè,Đồng Tháp,
926,Cù lao Thới Sơn,Cù lao Thới Sơn,Đồng Tháp,
927,Trại nuôi rắn Đồng Tâm,Trại nuôi rắn Đồng Tâm,Đồng Tháp,
928,Chùa Hang,Chùa Hang,Trà Vinh,
929,Ao Bà Om,Ao Bà Om,Trà Vinh,
930,Chùa Âng,Chùa Âng,Trà Vinh,
931,Chùa Nôdol,Chùa Nôdol,Trà Vinh,
932,Khu nhà công tử Bạc Liêu,Khu nhà công tử Bạc Liêu,Bạc Liêu,
933,Chùa Xiêm Cán,Chùa Xiêm Cán,Bạc Liêu,
934,Chùa Quan Đế,Chùa Quan Đế,Bạc Liêu,
935,Khu bảo tồn thiên nhiên vườn chim Bạc Liêu,vườn chim Bạc Liêu,Bạc Liêu,Khu bảo tồn thiên nhiên 
937,Lán hang Bòng,Lán hang Bòng,Tuyên Quang,
938,Cây đa Tân Trào,Cây đa Tân Trào,Tuyên Quang,
939,Khu di tích lịch sử Tân Trào,lịch sử Tân Trào,Tuyên Quang,Khu di tích 
941,Động Puông,Động Puông,Bắc Kạn,
943,Cù Lao An Bình và Bình Hòa Phước,Cù Lao An Bình và Bình Hòa Phước,Vĩnh Long,
945,Chùa Bổ Đà,Chùa Bổ Đà,Bắc Ninh,
946,Khu du lịch Suối Mỡ,Suối Mỡ,Bắc Ninh,Khu du lịch 
947,Khu du lịch Khuôn Thần,Khuôn Thần,Bắc Ninh,Khu du lịch 
948,Đình Thổ Hà,Đình Thổ Hà,Bắc Ninh,
949,Rừng nguyên sinh Khe Rỗ,Rừng nguyên sinh Khe Rỗ,Bắc Ninh,
950,Hồ Đại Lải,Hồ Đại Lải,Vĩnh Phúc,
951,Đình Lỗ Hạnh,Đình Lỗ Hạnh,Bắc Ninh,
952,Khu danh thắng Tây Thiên,Khu danh thắng Tây Thiên,Vĩnh Phúc,
953,Khu du lịch Tam Đảo,Tam Đảo,Vĩnh Phúc,Khu du lịch 
954,Thiền viện Trúc Lâm Tây Thiên,Thiền viện Trúc Lâm Tây Thiên,Vĩnh Phúc,
955,Tháp Bình Sơn,Tháp Bình Sơn,Vĩnh Phúc,
956,Khu du lịch và sân golf Tam Đảo,và sân golf Tam Đảo,Vĩnh Phúc,Khu du lịch 
957,Chùa Hà Tiên,Chùa Hà Tiên,Vĩnh Phúc,
958,Thành phố Vũng Tàu,Thành phố Vũng Tàu,Bà Rịa - Vũng Tàu,
959,Bãi Dứa,Bãi Dứa,Bà Rịa - Vũng Tàu,
960,Công viên Hồ Tây,Công viên Hồ Tây,Thành phố Hà Nội,
961,Thích ca Phật Đài,Thích ca Phật Đài,Bà Rịa - Vũng Tàu,
963,Ruộng bậc thang Mù Cang Chải,Ruộng bậc thang Mù Cang Chải,Lào Cai,
964,Hồ Thác Bà,Hồ Thác Bà,Lào Cai,
965,Bãi tắm Long Hải,Bãi tắm Long Hải,Bà Rịa - Vũng Tàu,
967,Cụm di tích núi Sam,núi Sam,Thành phố Châu Đốc,Cụm di tích 
968,Núi Cấm,Núi Cấm,Huyện Tịnh Biên,
969,Lễ hội miếu Bà Chúa Xứ,Lễ hội miếu Bà Chúa Xứ,Thành phố Châu Đốc,
970,Chùa Tây An,Chùa Tây An,Thành phố Châu Đốc,
971,Lăng Thoại Ngọc Hầu,Lăng Thoại Ngọc Hầu,Thành phố Châu Đốc,
972,Núi Ba Thê,Núi Ba Thê,Huyện Thoại Sơn,
973,Bia Thoại Sơn,Bia Thoại Sơn,Huyện Thoại Sơn,
974,Khu di chỉ Óc Eo,Khu di chỉ Óc Eo,Huyện Thoại Sơn,
975,Khu du lịch núi Sập,núi Sập,Huyện Thoại Sơn,Khu du lịch 
976,Nhà bảo tàng tỉnh An Giang,Nhà bảo tàng tỉnh An Giang,Thành phố Long Xuyên,
977,Chùa Ông Bắc,Chùa Ông Bắc,Thành phố Long Xuyên,
978,Khu di tích lịch sử Tức Dụp,lịch sử Tức Dụp,Huyện Tri Tôn,Khu di tích 
979,Làng chài Hàm Ninh,Làng chài Hàm Ninh,An Giang,
