name;province;province_normalized
Nhà hàng Bamboo Sông Chanh;Quảng Ninh;Quảng Ninh
Nhà hàng Hải sản Bà Niềm;Quảng Ninh;Quảng Ninh
Trung tâm Thương mại Vincom Plaza  Móng Cái;Quảng Ninh;Quảng Ninh
Trung tâm thương mại Vincom Plaza Hạ  Long;Quảng Ninh;Quảng Ninh
Nhà hàng Happy;TP. Hồ Chí Minh;TP. Hồ Chí Minh
Nhà Hàng 18E;TP. Hồ Chí Minh;TP. Hồ Chí Minh
Vườn Ẩm Thực Đông Hồ;TP. Hồ Chí Minh;TP. Hồ Chí Minh
Nhà hàng Galaxy;Quảng Ngãi;Quảng Ngãi
Nhà hàng Cô Ba;Quảng Ngãi;Quảng Ngãi
BBQ Su Bông;Quảng Ngãi;Quảng Ngãi
Ẩm thực Nướng;Quảng Ngãi;Quảng Ngãi
Ẩm thực Á Đông;Quảng Ngãi;Quảng Ngãi
Nhà hàng Tây Nguyên;Đồng Nai;Đồng Nai
Nhà Hàng Sao Biển;Cà Mau;Cà Mau
Nhà hàng Nhị Đệ;Cà Mau;Cà Mau
Nhà Hàng Hoàng Kim;Cà Mau;Cà Mau
Nhà hàng Tân Tân;Cà Mau;Cà Mau
Nhà hàng Vân Thủy;Cà Mau;Cà Mau
Nhà hàng Cua 1 Càng;Đồng Nai;Đồng Nai
Nhà hàng TomBay;Đồng Nai;Đồng Nai
Nhà hàng hải sản Hương Biển;Đồng Nai;Đồng Nai
Nhà hàng Hoàng Anh;Đồng Nai;Đồng Nai
Nhà hàng Ngọc Châu;TP. Cần Thơ;TP. Cần Thơ
Nhà hàng Gia Bảo;TP. Cần Thơ;TP. Cần Thơ
Nhà hàng Hoa Tiên;TP. Cần Thơ;TP. Cần Thơ
Quán Đối Chứng;TP. Cần Thơ;TP. Cần Thơ
Quán Huy Hoàng;TP. Cần Thơ;TP. Cần Thơ
Nhà hàng Tân Hậu Giang;TP. Cần Thơ;TP. Cần Thơ
Quán Nga Muội;TP. Cần Thơ;TP. Cần Thơ
Nhà hàng Thủy Tùng;Lâm Đồng;Lâm Đồng
Nhà hàng Cali;Lâm Đồng;Lâm Đồng
Ẩm Thực Vodka Quán;Lâm Đồng;Lâm Đồng
Ẩm Thực SuSin;Lâm Đồng;Lâm Đồng
Ẩm Thực Góc Phố Xanh;Lâm Đồng;Lâm Đồng
Nhà hàng Lion City;TP. Cần Thơ;TP. Cần Thơ
Nhà hàng Du thuyền Cần Thơ;TP. Cần Thơ;TP. Cần Thơ
Nhà hàng Sushi Sakura;TP. Cần Thơ;TP. Cần Thơ
Nhà hàng Sao Mai;TP. Cần Thơ;TP. Cần Thơ
Nhà hàng Đại Dương;TP. Cần Thơ;TP. Cần Thơ
Nhà hàng Kaiserin;Đồng Nai;Đồng Nai
Nhà hàng Ngọc Cảnh;Đồng Nai;Đồng Nai
Nhà hàng Sông Tràm;Đồng Nai;Đồng Nai
Nhà hàng Việt Phố;Đồng Nai;Đồng Nai
Nhà hàng Gió;Đồng Nai;Đồng Nai
Việt Hàn Quán;Nghệ An;Nghệ An
Nhà hàng Sành Sứ;Nghệ An;Nghệ An
Nhà hàng Quán Xưa 102;Nghệ An;Nghệ An
Nhà hàng Huynh Đệ;Nghệ An;Nghệ An
Nhà hàng Chung Còi;Nghệ An;Nghệ An
Nhà hàng Thành Công;Hà Tĩnh;Hà Tĩnh
Nhà hàng Thái Bình;Hà Tĩnh;Hà Tĩnh
Nhà hàng Nhà Tôi;Hà Tĩnh;Hà Tĩnh
Nhà hàng Hàm Nghi;Hà Tĩnh;Hà Tĩnh
Nhà Hàng Hải sản Bến Xưa;Hà Tĩnh;Hà Tĩnh
Nhà hàng Đại Dương Xanh;Hà Tĩnh;Hà Tĩnh
Nhà hàng Biển Quê;Hà Tĩnh;Hà Tĩnh
Nhà hàng Sóng Thần;Quảng Trị;Quảng Trị
Nhà hàng Quốc Dũng;Quảng Trị;Quảng Trị
Nhà hàng Đức Hạnh;Quảng Trị;Quảng Trị
Nhà hàng nổi Bình Yên;Quảng Trị;Quảng Trị
Nhà hàng nổi Bình Minh;Quảng Trị;Quảng Trị
Nhà hàng Phố Mới;Cao Bằng;Cao Bằng
Nhà hàng Hiền Tú;Cao Bằng;Cao Bằng
Nhà hàng Huy Linh;Cao Bằng;Cao Bằng
Tràng Tiền Seafood Huế;TP. Huế;TP. Huế
Nhà hàng Ngọc Anh;TP. Huế;TP. Huế
Nhà hàng Hải sản Bé Thân;TP. Huế;TP. Huế
Diên Trường Quán;TP. Huế;TP. Huế
Đầm Chuồn Hương Quán;TP. Huế;TP. Huế
Nhà hàng dê tươi Thịnh Thành;Ninh Bình;Ninh Bình
Nhà hàng Tam Chúc Hà Nam;Ninh Bình;Ninh Bình
Nhà hàng Thứ Cò Hà Nam;Ninh Bình;Ninh Bình
Nhà hàng Sen Vàng;Ninh Bình;Ninh Bình
Nhà hàng Hiệp An;Ninh Bình;Ninh Bình
Nhà hàng Lá cọ 2;Ninh Bình;Ninh Bình
Golden BBQ Hà Giang;Tuyên Quang;Tuyên Quang
Cappuccino cafe Hà Giang;Tuyên Quang;Tuyên Quang
Nhà hàng Nam Hoa Viên;TP. Đà Nẵng;TP. Đà Nẵng
Nhà hàng Mỹ Hạnh;TP. Đà Nẵng;TP. Đà Nẵng
Mỳ Quảng Ếch Bếp Trang;TP. Đà Nẵng;TP. Đà Nẵng
Nhà hàng Memory Lounge;TP. Đà Nẵng;TP. Đà Nẵng
Nhà hàng Limoncello;TP. Đà Nẵng;TP. Đà Nẵng
Nhà hàng Lam Viên;TP. Đà Nẵng;TP. Đà Nẵng
Nhà hàng Fatfish;TP. Đà Nẵng;TP. Đà Nẵng
Nhà hàng Blue Whale;TP. Đà Nẵng;TP. Đà Nẵng
Nhà hàng Vĩnh Hưng;TP. Đà Nẵng;TP. Đà Nẵng
Quán Ông Hai;TP. Đà Nẵng;TP. Đà Nẵng
Làng ẩm thực Trà Quế;TP. Đà Nẵng;TP. Đà Nẵng
Cơm gà Phúc;TP. Đà Nẵng;TP. Đà Nẵng
Cơm gà Bà Buội;TP. Đà Nẵng;TP. Đà Nẵng
Quán Bà Tú Lan;Tuyên Quang;Tuyên Quang
Cháo ấu tẩu Ngân Hà;Tuyên Quang;Tuyên Quang
Thắng dền – Đặc sản Hà Giang;Tuyên Quang;Tuyên Quang
Nhà hàng Việt Nam Home;Lâm Đồng;Lâm Đồng
Vespa Quán;Lâm Đồng;Lâm Đồng
Nhà hàng Năm Dư Mũi Né;Lâm Đồng;Lâm Đồng
Nhà hàng Mũi Né Xưa;Lâm Đồng;Lâm Đồng
Nhà hàng Một Nắng;Lâm Đồng;Lâm Đồng
Nhà hàng Hải Mã;Lâm Đồng;Lâm Đồng
Thu Búp Mì Quảng;Quảng Ngãi;Quảng Ngãi
Quyên Ram Thịt nướng;Quảng Ngãi;Quảng Ngãi
Quán ngon;Quảng Ngãi;Quảng Ngãi
Nhà hàng Gạch Đỏ;Quảng Ngãi;Quảng Ngãi
Nhà hàng Đồng Viên;Quảng Ngãi;Quảng Ngãi
Nhà hàng Mâm Son;TP. Hải Phòng;TP. Hải Phòng
Nhà hàng Nam Sơn;TP. Hải Phòng;TP. Hải Phòng
Nhà hàng Number 9;TP. Hải Phòng;TP. Hải Phòng
Nhà hàng Gà tươi Minh Thắng;TP. Hải Phòng;TP. Hải Phòng
Nhà hàng Flame Grill & Bar;TP. Hải Phòng;TP. Hải Phòng
Nhà hàng Anh Nhật Gia Viên;Gia Lai;Gia Lai
Bếp Hana;Gia Lai;Gia Lai
Cơm gà Trần Thị;Gia Lai;Gia Lai
Nhà hàng Làng Việt;Gia Lai;Gia Lai
Nhà hàng Sáu Cao 2;Gia Lai;Gia Lai
Nhà hàng Hoàng Vũ Plaza;Gia Lai;Gia Lai
Nhà hàng Phú Anh;Đắk Lắk;Đắk Lắk
Nhà hàng Bãi Tiên;Đắk Lắk;Đắk Lắk
Nhà hàng Như Ý;Đắk Lắk;Đắk Lắk
Nhà hàng Kim Hương;Đắk Lắk;Đắk Lắk
Nhà hàng Dragon;Đắk Lắk;Đắk Lắk
Nhà hàng Sogabil;Bắc Ninh;Bắc Ninh
Nhà hàng Queens;Bắc Ninh;Bắc Ninh
Nhà hàng Bá Tước;Bắc Ninh;Bắc Ninh
Nhà hàng Abo 's Grill;Bắc Ninh;Bắc Ninh
Nhà hàng CaNa Bay;Khánh Hoà;Khánh Hoà
Nhà hàng Pushkin;Khánh Hoà;Khánh Hoà
Nhà hàng Phú Việt;Khánh Hoà;Khánh Hoà
Nhà hàng Hải sản Vi Hồng;Khánh Hoà;Khánh Hoà
Nhà hàng Vườn Bia;Khánh Hoà;Khánh Hoà
Nhà hàng Hoa Thiên Lý;Khánh Hoà;Khánh Hoà
Nhà hàng Hương Việt;Khánh Hoà;Khánh Hoà
Nhà hàng Echo;Khánh Hoà;Khánh Hoà
Nhà Hàng Xuân Hương;Khánh Hoà;Khánh Hoà
Nhà hàng Lộc Ký;Khánh Hoà;Khánh Hoà
Nhà hàng Lộc Phát;Khánh Hoà;Khánh Hoà
T&N Container Coffee VT;TP. Hồ Chí Minh;TP. Hồ Chí Minh
Seaside Cafe;TP. Hồ Chí Minh;TP. Hồ Chí Minh
Mountain Pearl Coffee;TP. Hồ Chí Minh;TP. Hồ Chí Minh
Gazebo Beach Front Lounge Cafe;TP. Hồ Chí Minh;TP. Hồ Chí Minh
YuTa Cafe;TP. Hồ Chí Minh;TP. Hồ Chí Minh
Bohémiens Café;TP. Hồ Chí Minh;TP. Hồ Chí Minh
Bobapop Bà Rịa;TP. Hồ Chí Minh;TP. Hồ Chí Minh
Trà sữa nhà Sunny;TP. Hồ Chí Minh;TP. Hồ Chí Minh
Trà sữa ăn vặt Funny Tea & Coffee;TP. Hồ Chí Minh;TP. Hồ Chí Minh
Trà Sữa Đài Loan Phúc Tea;TP. Hồ Chí Minh;TP. Hồ Chí Minh
Aloha Tea-Coffee;TP. Hồ Chí Minh;TP. Hồ Chí Minh
Royal Tea Garden Coffee And Tea;TP. Hồ Chí Minh;TP. Hồ Chí Minh
Wiki coffee shop;TP. Hồ Chí Minh;TP. Hồ Chí Minh
BARIS - Trà & Càfê;TP. Hồ Chí Minh;TP. Hồ Chí Minh
MiA coffee & tea;TP. Hồ Chí Minh;TP. Hồ Chí Minh
Ruby Koi Farm Coffee;TP. Hồ Chí Minh;TP. Hồ Chí Minh
Fox Coffee;TP. Hồ Chí Minh;TP. Hồ Chí Minh
UP Garden Cafe;TP. Hồ Chí Minh;TP. Hồ Chí Minh
Lẩu Kim Chi Michigo;TP. Hồ Chí Minh;TP. Hồ Chí Minh
Lẩu Hồng Kông;TP. Hồ Chí Minh;TP. Hồ Chí Minh
Kichi Kichi Bà Rịa;TP. Hồ Chí Minh;TP. Hồ Chí Minh
Quán lẩu Sáu Mai;TP. Hồ Chí Minh;TP. Hồ Chí Minh
Quán Sing - Lẩu & Nướng BBQ;TP. Hồ Chí Minh;TP. Hồ Chí Minh
Quán Alo;TP. Hồ Chí Minh;TP. Hồ Chí Minh
Buffet 99k;TP. Hồ Chí Minh;TP. Hồ Chí Minh
Đình Nguyên Food & Beverages;TP. Hồ Chí Minh;TP. Hồ Chí Minh
Ăn Vặt Bà Rịa;TP. Hồ Chí Minh;TP. Hồ Chí Minh
Quán Chị Nữ;TP. Hồ Chí Minh;TP. Hồ Chí Minh
Chả giò Bắp - Bò Lá Lốt Quảng Ngãi;TP. Hồ Chí Minh;TP. Hồ Chí Minh
Ăn vặt Bờ Kè;TP. Hồ Chí Minh;TP. Hồ Chí Minh
Bánh canh Long Hương;TP. Hồ Chí Minh;TP. Hồ Chí Minh
Bánh mì rau rán Hải Phòng;TP. Hải Phòng;TP. Hải Phòng
Bánh mì chảo Hải Phòng;TP. Hải Phòng;TP. Hải Phòng
Bánh bèo Hải Phòng;TP. Hải Phòng;TP. Hải Phòng
Bánh tráng trộn chú Viên;TP. Hải Phòng;TP. Hải Phòng
Bún cá cay Lê Lợi;TP. Hải Phòng;TP. Hải Phòng
Bánh cuốn Quyên;TP. Hải Phòng;TP. Hải Phòng
Phở bò sốt vang phố Cấm;TP. Hải Phòng;TP. Hải Phòng
Cơm tấm Hưng Phú Kênh Dương;TP. Hải Phòng;TP. Hải Phòng
Cơm tấm Ngọc Phú Kỳ Đồng;TP. Hải Phòng;TP. Hải Phòng
Quán Gà Rán Shin’s;TP. Hải Phòng;TP. Hải Phòng
Lẩu Dê Phượng Chi;TP. Hải Phòng;TP. Hải Phòng
Quán Nem nướng Cô Bắp;TP. Hải Phòng;TP. Hải Phòng
Quán Lòng Nướng Chú Tuấn;TP. Hải Phòng;TP. Hải Phòng
Kem Bơ Dừa Bruce Lee;TP. Hải Phòng;TP. Hải Phòng
Bánh mì cay ăn đêm Ms. Huyền;TP. Hải Phòng;TP. Hải Phòng
Quán Ốc Thủy Dương;TP. Hải Phòng;TP. Hải Phòng
Quán ăn đêm Vàng Khè;TP. Hải Phòng;TP. Hải Phòng
Quán ăn đêm Vua Gà Hàn Quốc;TP. Hải Phòng;TP. Hải Phòng
Hầm rượu Hải Đăng;TP. Hải Phòng;TP. Hải Phòng
Nhà hàng Chicago’s Pizza & Grill;TP. Hải Phòng;TP. Hải Phòng
Nhà hàng Pepper’s Pizza;TP. Hải Phòng;TP. Hải Phòng
Nhà hàng Pizza Company;TP. Hải Phòng;TP. Hải Phòng
Nhà hàng Pizza Love;TP. Hải Phòng;TP. Hải Phòng
Nhà hàng Pizza Hut;TP. Hải Phòng;TP. Hải Phòng
Quán bánh Đa Cua Phan Bội Châu;TP. Hải Phòng;TP. Hải Phòng
Quán bánh đa cua Kỳ Đồng;TP. Hải Phòng;TP. Hải Phòng
Quán bánh đa cua Bà Cụ Cầu Đất;TP. Hải Phòng;TP. Hải Phòng
Nhà hàng Kichi Kichi;TP. Hải Phòng;TP. Hải Phòng
JAX Hotpot & BBQ;TP. Hải Phòng;TP. Hải Phòng
Nhà hàng Sabay Thai;TP. Hải Phòng;TP. Hải Phòng
Nhà hàng AMIS Hotpot & Grill;TP. Hải Phòng;TP. Hải Phòng
Nhà hàng Thái Lan ThaChang;TP. Hải Phòng;TP. Hải Phòng
Quán Lẩu Ly Sawadee;TP. Hải Phòng;TP. Hải Phòng
Nhà hàng Fresh House;TP. Hải Phòng;TP. Hải Phòng
Nhà hàng Thái Nacha Hotpot;TP. Hải Phòng;TP. Hải Phòng
Nhà hàng Lẩu Sữa Cổ Trấn;TP. Hải Phòng;TP. Hải Phòng
Nhà Hàng Châu Giang;TP. Hải Phòng;TP. Hải Phòng
Nhà hàng Thủy Phương – Lẩu & Nướng Thượng Hải;TP. Hải Phòng;TP. Hải Phòng
Nhà hàng Tụ Phúc Hồng Kông;TP. Hải Phòng;TP. Hải Phòng
Nhà hàng Trúc Lâm;TP. Hải Phòng;TP. Hải Phòng
Nhà hàng Tong Hua;TP. Hải Phòng;TP. Hải Phòng
Nhà Hàng Trung Quốc;TP. Hải Phòng;TP. Hải Phòng
Nhà Hàng Sam Hoàng Anh;TP. Hải Phòng;TP. Hải Phòng
Nhà Hàng Tằng Hậu;TP. Hải Phòng;TP. Hải Phòng
Nhà Hàng Vịnh Bắc Bộ;TP. Hải Phòng;TP. Hải Phòng
Nhà Hàng Nổi 559;TP. Hải Phòng;TP. Hải Phòng
Nhà Hàng Bán Đảo Lôi Châu;TP. Hải Phòng;TP. Hải Phòng
Nhà Hàng Nhật Vạn 2;TP. Hải Phòng;TP. Hải Phòng
Nhà Hàng Gia Phạm;TP. Hải Phòng;TP. Hải Phòng
Nhà Hàng Hải Sản Vũ Lập;TP. Hải Phòng;TP. Hải Phòng
Nhà Hàng Quang Tùng;TP. Hải Phòng;TP. Hải Phòng
Nhà Hàng Thiên Hồng Phát;TP. Hải Phòng;TP. Hải Phòng
Nhà Hàng Gió Biển;TP. Hải Phòng;TP. Hải Phòng
Nhà Hàng Hải Sản Deli Steam;TP. Hải Phòng;TP. Hải Phòng
Nhà Hàng Sang Gong;TP. Hải Phòng;TP. Hải Phòng
BBK Thái Restaurant;TP. Hải Phòng;TP. Hải Phòng
Nhà Hàng Lẩu Tứ Xuyên;TP. Hải Phòng;TP. Hải Phòng
Nhà Hàng Anlame;TP. Hải Phòng;TP. Hải Phòng
Nhà Hàng Đại Phong – Lẩu Ếch Trứ Danh;TP. Hải Phòng;TP. Hải Phòng
TexGrill Restaurant;TP. Hải Phòng;TP. Hải Phòng
Nhà Hàng Đại Lộc;TP. Hải Phòng;TP. Hải Phòng
Nhà Hàng Vũ Lập;TP. Hải Phòng;TP. Hải Phòng
Nhà Hàng Cường Thịnh – Gà Tươi Mạnh Hoạch;TP. Hải Phòng;TP. Hải Phòng
Koyuki Japanese Restaurant;TP. Hải Phòng;TP. Hải Phòng
Nhà Hàng Hải Sản Lão Ngư;TP. Hải Phòng;TP. Hải Phòng
Nhà Hàng Trung Thành – Lẩu Hơi Tỳ Hưu;TP. Hải Phòng;TP. Hải Phòng
Bonne Vie;TP. Hải Phòng;TP. Hải Phòng
Nam Phương Restaurant;TP. Hải Phòng;TP. Hải Phòng
Edo BBQ Nướng & Lẩu Nhật Bản;TP. Hải Phòng;TP. Hải Phòng
Nhà hàng Hanako;TP. Hải Phòng;TP. Hải Phòng
Nhà hàng Nhật Bản Hải Đăng;TP. Hải Phòng;TP. Hải Phòng
Nhà hàng Nhật Bản Matsu Fuku;TP. Hải Phòng;TP. Hải Phòng
Nhà hàng Nhật Bản Kaminuma;TP. Hải Phòng;TP. Hải Phòng
Nhà hàng Hikari HP;TP. Hải Phòng;TP. Hải Phòng
Nhà hàng Nhật Bản Hoa Cúc Vàng;TP. Hải Phòng;TP. Hải Phòng
Quán Nami Sushi;TP. Hải Phòng;TP. Hải Phòng
Nhà hàng Nhật Bản Kukai;TP. Hải Phòng;TP. Hải Phòng
Ganesh Indian;TP. Hải Phòng;TP. Hải Phòng
Nhà hàng buffet lẩu nướng HP3 BBQ;TP. Hải Phòng;TP. Hải Phòng
Nét Huế;TP. Hải Phòng;TP. Hải Phòng
Lẩu dê Nhất Ly;TP. Hải Phòng;TP. Hải Phòng
Nhà hàng chay Vô Thường;TP. Hải Phòng;TP. Hải Phòng
Bánh mỳ cay bà già;TP. Hải Phòng;TP. Hải Phòng
Ốc Thùy Dương;TP. Hải Phòng;TP. Hải Phòng
Nhà hàng Nam Giao;TP. Hải Phòng;TP. Hải Phòng
Nhà hàng Hải Đăng;TP. Hải Phòng;TP. Hải Phòng
Nhà hàng Gia Viên;TP. Hải Phòng;TP. Hải Phòng
Nhà hàng cơm gà Singapore;TP. Hải Phòng;TP. Hải Phòng
Bánh đa cua Bà Cụ;TP. Hải Phòng;TP. Hải Phòng
Nhà hàng Âu Texas BBQ;TP. Hải Phòng;TP. Hải Phòng
Anh Huy – Lẩu cua đồng;TP. Hải Phòng;TP. Hải Phòng
Sake Sushi;TP. Hải Phòng;TP. Hải Phòng
Quê hương – nhà hàng Hàn Quốc;TP. Hải Phòng;TP. Hải Phòng
Dê ngon Hùng Béo;TP. Hải Phòng;TP. Hải Phòng
Góc Hội An;TP. Hải Phòng;TP. Hải Phòng
Kogi House BBQ;TP. Hải Phòng;TP. Hải Phòng
Hỏa quán;TP. Hải Phòng;TP. Hải Phòng
Nhà hàng Ngói Đỏ;TP. Hải Phòng;TP. Hải Phòng
Home Cook;TP. Hải Phòng;TP. Hải Phòng
Tex-Rock;TP. Hải Phòng;TP. Hải Phòng
Nhà hàng Nhật Bản Hanayuki – Hoa Tuyết;TP. Hải Phòng;TP. Hải Phòng
Nhà hàng Lão Ngư;TP. Hải Phòng;TP. Hải Phòng
Nhà hàng Sông Rạch Hào;TP. Hồ Chí Minh;TP. Hồ Chí Minh
Lẩu măng – cút nướng Khánh Hà;TP. Hồ Chí Minh;TP. Hồ Chí Minh
Cơm niêu Hoa Sữa;TP. Hồ Chí Minh;TP. Hồ Chí Minh
Nhà hàng Bờ Sông;TP. Hồ Chí Minh;TP. Hồ Chí Minh
Nhà hàng Lộc An;TP. Hồ Chí Minh;TP. Hồ Chí Minh
Nhà hàng Gia;TP. Hồ Chí Minh;TP. Hồ Chí Minh
Asahi Sushi Bà Rịa;TP. Hồ Chí Minh;TP. Hồ Chí Minh
THO-R Restaurant;TP. Hồ Chí Minh;TP. Hồ Chí Minh
Nhà hàng Tiệc cưới & Hội nghị Bright Star;Đồng Nai;Đồng Nai
Trung tâm hội nghị & tiệc cưới TIAMO;Đồng Nai;Đồng Nai
Nakharat Thai Restaurant;Đồng Nai;Đồng Nai
Wellington Restaurant & Cafe;Đồng Nai;Đồng Nai
Alishan Tea & Cafe;Tuyên Quang;Tuyên Quang
Nhà Hàng BẢO ANH;Ninh Bình;Ninh Bình
Pinpas BBQ Buffet;TP. Đà Nẵng;TP. Đà Nẵng
Nhà Hàng Đường Tàu;TP. Đà Nẵng;TP. Đà Nẵng
Nhan’s Kitchen;TP. Đà Nẵng;TP. Đà Nẵng
Restaurant & Cafe Tuấn;TP. Đà Nẵng;TP. Đà Nẵng
Sông Thu Restaurant;TP. Đà Nẵng;TP. Đà Nẵng
Quê Hương Quán;TP. Đà Nẵng;TP. Đà Nẵng
SSAM;TP. Đà Nẵng;TP. Đà Nẵng
YOLO - Thiên đường ẩm thực Tam Kỳ;TP. Đà Nẵng;TP. Đà Nẵng
Hương Việt Quán;TP. Đà Nẵng;TP. Đà Nẵng
Môki;TP. Đà Nẵng;TP. Đà Nẵng
Mộc Quán;TP. Đà Nẵng;TP. Đà Nẵng
Quán Nia;TP. Đà Nẵng;TP. Đà Nẵng
The Temple Restaurant;TP. Đà Nẵng;TP. Đà Nẵng
Bánh mì Phượng;TP. Đà Nẵng;TP. Đà Nẵng
Red Dragon restaurant Hoi An332 Cửa Đại;TP. Đà Nẵng;TP. Đà Nẵng
Com Linh - Vietnamese Restaurant In Hoi An;TP. Đà Nẵng;TP. Đà Nẵng
Nhà hàng The Streets Hội An;TP. Đà Nẵng;TP. Đà Nẵng
Thai Market Cafe & Restaurant;TP. Đà Nẵng;TP. Đà Nẵng
Út Uyên – Nhà Bè Hải Sản;Đắk Lắk;Đắk Lắk
XìTrum Quán;Đắk Lắk;Đắk Lắk
HaNok BBQ;TP. Đà Nẵng;TP. Đà Nẵng
Cơm Niêu Phố Hội;TP. Đà Nẵng;TP. Đà Nẵng
Cơm Gà Bà Minh Hội An;TP. Đà Nẵng;TP. Đà Nẵng
Cơm gà Bà Luận;TP. Đà Nẵng;TP. Đà Nẵng
Ẩm thực Gánh;TP. Đà Nẵng;TP. Đà Nẵng
Ẩm thực chay An;TP. Đà Nẵng;TP. Đà Nẵng
Alibaba Quán;TP. Đà Nẵng;TP. Đà Nẵng
Alibaba Buffet;TP. Đà Nẵng;TP. Đà Nẵng
Nhà hàng SuShi & BBQ Japanese;Quảng Trị;Quảng Trị
Nhà hàng Nhật Lệ;Quảng Trị;Quảng Trị
Nhà Hàng Nổi Phố Biển;Quảng Trị;Quảng Trị
Nhà hàng nổi Nam Thành;Quảng Trị;Quảng Trị
Nhà hàng nổi Biển Đông;Quảng Trị;Quảng Trị
Nhà hàng Lá Cọ;Quảng Trị;Quảng Trị
Nhà hàng Đại Dương;Quảng Trị;Quảng Trị
Lẩu Dê Nhật Lệ;Quảng Trị;Quảng Trị
Hải sản Minh Lưu;Quảng Trị;Quảng Trị
Vỹ dạ quán;Đồng Nai;Đồng Nai
Phố nướng Seoul;Đồng Nai;Đồng Nai
Nhà hàng Thành Nguyên;Đồng Nai;Đồng Nai
Nhà hàng Sáu Băng;Đồng Nai;Đồng Nai
Nhà hàng Nhất nướng Chơn Thành;Đồng Nai;Đồng Nai
Nhà Hàng Ẩm Thực Câu Cá Giải Trí Happy Garden;Đồng Nai;Đồng Nai
Hải sản Tân Hoa Viên;Đồng Nai;Đồng Nai
Nhà hàng Hồng Gấm;Cà Mau;Cà Mau
Nhà hàng Tiến Thơ;TP. Cần Thơ;TP. Cần Thơ
Talata Seafood Restaurant;TP. Hải Phòng;TP. Hải Phòng
Monvie Restaurant;TP. Hải Phòng;TP. Hải Phòng
Nhà hàng Siêu Thị Ốc;TP. Hải Phòng;TP. Hải Phòng
Phủi Quán;TP. Hải Phòng;TP. Hải Phòng
Nhà hàng Đại hương Biển;Hà Tĩnh;Hà Tĩnh
Nhà Hàng Cánh Buồm;Hà Tĩnh;Hà Tĩnh
Tandoor;TP. Hồ Chí Minh;TP. Hồ Chí Minh
Nhan Sushi-Bito;TP. Hồ Chí Minh;TP. Hồ Chí Minh
Moo Beef Steak Prime;TP. Hồ Chí Minh;TP. Hồ Chí Minh
MỘC Restaurant;Tuyên Quang;Tuyên Quang
Chang's Restaurant;Tuyên Quang;Tuyên Quang
Hẻm Quán - Tuyên Quang;Tuyên Quang;Tuyên Quang
Nhà hàng Tràng An;Tuyên Quang;Tuyên Quang
Lẩu Kin Kin;Tuyên Quang;Tuyên Quang
Nhà hàng ẩm thực Việt;Tuyên Quang;Tuyên Quang
Nhà hàng Biển Rừng Tuyên Quang;Tuyên Quang;Tuyên Quang
Nhà Hàng Hoàng Gia;Đắk Lắk;Đắk Lắk
Nguyễn Văn Restaurant;Đắk Lắk;Đắk Lắk
Gỏi lá Út Cưng;Quảng Ngãi;Quảng Ngãi
Quán phở Mai Anh;TP. Hà Nội;TP. Hà Nội
Nhà hàng Trống Đồng;TP. Hà Nội;TP. Hà Nội
Nhà hàng Nhất Khằn;Lạng Sơn;Lạng Sơn
Nhà hàng Gà tươi Mạnh Hoạch 155;Hưng Yên;Hưng Yên
Nhà hàng Nội Hiền;Phú Thọ;Phú Thọ
Quán hải sản Ớt Ngọt;An Giang;An Giang
Hải sản Ngân Hà;An Giang;An Giang
Tung Garden;TP. Hồ Chí Minh;TP. Hồ Chí Minh
Lẩu Dê SOS Làng Hoa;TP. Hồ Chí Minh;TP. Hồ Chí Minh
Nhà hàng Công Đoàn;Đắk Lắk;Đắk Lắk
Ebisu うどんと炭火焼 えびす district1;TP. Hồ Chí Minh;TP. Hồ Chí Minh
Diễm Huỳnh Restaurant;Đắk Lắk;Đắk Lắk
Busan Korean Food;TP. Hồ Chí Minh;TP. Hồ Chí Minh
Bone & Pot - Lẩu Hong Kong;TP. Hồ Chí Minh;TP. Hồ Chí Minh
Nhà hàng Thiên Phương;Đồng Nai;Đồng Nai
123-zo.vn;TP. Hồ Chí Minh;TP. Hồ Chí Minh
Hải Sản Trúc Kiều;Đắk Lắk;Đắk Lắk
Nhà Hàng Á Châu;Đắk Lắk;Đắk Lắk
Nhà Hàng Trạm Dừng Chân Astop;Đắk Lắk;Đắk Lắk
Nhà Hàng Gió Chiều;Đắk Lắk;Đắk Lắk
Nhà Hàng Quê Tôi;Đắk Lắk;Đắk Lắk
Nhà Hàng Thiên Trường;Đắk Lắk;Đắk Lắk
Nhà Hàng Gà Vườn Tre;Đắk Lắk;Đắk Lắk
Nhà Hàng Ẩm Thực 338;Đắk Lắk;Đắk Lắk
City View Restaurant – Kaya Hotel;Đắk Lắk;Đắk Lắk
Sky Lounge Restaurant – CenDelux Hotel;Đắk Lắk;Đắk Lắk
Cơm Niêu Năm Ánh Phú Yên;Đắk Lắk;Đắk Lắk
Nhà hàng Cua thứ thiệt;Cà Mau;Cà Mau
Nhà hàng Phượng Vĩ;Cà Mau;Cà Mau
Quán Phương Hòa;Cà Mau;Cà Mau
Quán nướng 143;Cà Mau;Cà Mau
Ẩm thực Hoàng Hổ;Cà Mau;Cà Mau
Lẩu dê Phát Cường;Cà Mau;Cà Mau
Hủ Tiếu Mực A Vòi;Cà Mau;Cà Mau
Nhà hàng Phố Nướng 123;Cà Mau;Cà Mau
Quán hải sản tươi Làng Xưa;Cà Mau;Cà Mau
Quán ăn hải sản Phố Biển;Cà Mau;Cà Mau
Nét Huế - Quán ăn vặt 60;Cà Mau;Cà Mau
Hải Yến Quán - Hùng Vương;Cà Mau;Cà Mau
Kichi Kichi Lẩu Băng Chuyền - Sense City Cà Mau;Cà Mau;Cà Mau
Đào Hoa Đảo - Sườn Cây Nướng;Cà Mau;Cà Mau
Gogi House - Quán Nướng Hàn Quốc - Sense City Cà Mau;Cà Mau;Cà Mau
Quán Thanh Hương;Cà Mau;Cà Mau
Mì Cay 1992;Cà Mau;Cà Mau
Bánh Tầm Cari Cay - Cô Lan;Cà Mau;Cà Mau
A. Ken Quán;Cà Mau;Cà Mau
Nhà Hàng Lá Cọ Xanh;Cao Bằng;Cao Bằng
Bún hải sản Quảng Ninh;Cao Bằng;Cao Bằng
Quán bia lu;Cao Bằng;Cao Bằng
Than hoa BBQ;Cao Bằng;Cao Bằng
Dạ Bến Bờ - Chương Dương;TP. Đà Nẵng;TP. Đà Nẵng
Las Vegas 212 – Khu du thuyền DHC - Marina;TP. Đà Nẵng;TP. Đà Nẵng
Pizza EMILY;Cà Mau;Cà Mau
CHICK & GO CÀ MAU;Cà Mau;Cà Mau
The Pizza Company Cà Mau;Cà Mau;Cà Mau
Pizza Hut;Cà Mau;Cà Mau
Zero One;Cà Mau;Cà Mau
Nhất Lẩu – Quán ăn gia đình;Cao Bằng;Cao Bằng
Pedro’s Pizza;Cao Bằng;Cao Bằng
Nhà hàng Trường Hợp Cao Bằng;Cao Bằng;Cao Bằng
Nhà hàng Trung Nga;Cao Bằng;Cao Bằng
Nhà hàng Phú Sơn Cao Bằng;Cao Bằng;Cao Bằng
Nhà hàng Đại Hỷ Cao Bằng;Cao Bằng;Cao Bằng
Trống Đồng Cao Bằng;Cao Bằng;Cao Bằng
Nhà hàng Nga Lượng Cao Bằng;Cao Bằng;Cao Bằng
Ngọc Quán – Bê Thui;Cao Bằng;Cao Bằng
Bánh cuốn cô Hải – quán ăn ngon Cao Bằng;Cao Bằng;Cao Bằng
Phở thịt nướng Cao Bằng;Cao Bằng;Cao Bằng
NHÀ HÀNG VUA VỊT TRỜI;Cao Bằng;Cao Bằng
Sành Quán;Cao Bằng;Cao Bằng
Nhà hàng Dân Tộc Quán, Cao Bằng;Cao Bằng;Cao Bằng
Xu Coffee Cao Bằng;Cao Bằng;Cao Bằng
Ngọc Thạch Quán Cao Bằng;Cao Bằng;Cao Bằng
Á Đông BBQ Cao Bằng;Cao Bằng;Cao Bằng
Nhà Hàng 34 Nga Lượng;Cao Bằng;Cao Bằng
Lẩu Phố;Cao Bằng;Cao Bằng
FUNNY BBQ;Cao Bằng;Cao Bằng
Yi Long BBQ & Hotpot;Cao Bằng;Cao Bằng
Hùng Trinh BBQ;Cao Bằng;Cao Bằng
La Stella' restaurant;Cao Bằng;Cao Bằng
Hạt Dẻ Quán;Cao Bằng;Cao Bằng
Phố Nướng 102 - Quang Trung;TP. Cần Thơ;TP. Cần Thơ
Pizza Candle;TP. Cần Thơ;TP. Cần Thơ
Kiseki - Lẩu nướng tự chọn;TP. Cần Thơ;TP. Cần Thơ
Pizza Hut Cần Thơ;TP. Cần Thơ;TP. Cần Thơ
Big C Cần Thơ;TP. Cần Thơ;TP. Cần Thơ
Nhà hàng Tây Đô;TP. Cần Thơ;TP. Cần Thơ
Trung tâm hội nghị và tiệc cưới Diamond Palace;TP. Cần Thơ;TP. Cần Thơ
Nhà hàng tiệc cưới khách sạn Ninh Kiều 2;TP. Cần Thơ;TP. Cần Thơ
Nhà hàng khách sạn Cửu Long;TP. Cần Thơ;TP. Cần Thơ
Nhà hàng Sushi Kei Cần Thơ;TP. Cần Thơ;TP. Cần Thơ
Nhà hàng Enishi Cần Thơ;TP. Cần Thơ;TP. Cần Thơ
Nhà Hàng Phố Biển;TP. Cần Thơ;TP. Cần Thơ
Nhà Hàng Gony Spa Cafe Lounge;TP. Cần Thơ;TP. Cần Thơ
Phương Nam Restaurant;TP. Cần Thơ;TP. Cần Thơ
Nhà hàng Sao Hôm;TP. Cần Thơ;TP. Cần Thơ
Nam Bộ Restaurant;TP. Cần Thơ;TP. Cần Thơ
Lúa Nếp restaurant;TP. Cần Thơ;TP. Cần Thơ
Mekong Restaurant;TP. Cần Thơ;TP. Cần Thơ
Nhà hàng hải sản Biển Đông;TP. Cần Thơ;TP. Cần Thơ
Hoàng Cung Restaurant;TP. Cần Thơ;TP. Cần Thơ
Five Star Cần Thơ;TP. Cần Thơ;TP. Cần Thơ
Lotteria Cần Thơ;TP. Cần Thơ;TP. Cần Thơ
Nhà Hàng Gony;TP. Cần Thơ;TP. Cần Thơ
Ma Famille;TP. Cần Thơ;TP. Cần Thơ
K&K Crawfish;TP. Cần Thơ;TP. Cần Thơ
GrillandChill Restaurant;TP. Cần Thơ;TP. Cần Thơ
Nhà Hàng Cây Bưởi;TP. Cần Thơ;TP. Cần Thơ
Lotteria Cần Thơ;TP. Cần Thơ;TP. Cần Thơ
Nhà Hàng Hoa Sứ;TP. Cần Thơ;TP. Cần Thơ
Nhà Hàng Ẩm Thực Dân Gian Nam Bộ Lúa Nếp;TP. Cần Thơ;TP. Cần Thơ
Nhà Hàng Madame Lân Đà Nẵng;TP. Đà Nẵng;TP. Đà Nẵng
La Maison Deli – Nhà Hàng Nổi Tiếng Đà Nẵng;TP. Đà Nẵng;TP. Đà Nẵng
Citron Restaurant – Nhà hàng Đà Nẵng view đẹp;TP. Đà Nẵng;TP. Đà Nẵng
Nhà Hàng The Rachel Restaurant & Bar Đà Nẵng;TP. Đà Nẵng;TP. Đà Nẵng
Lẩu băng chuyền Kichi Kichi;Cà Mau;Cà Mau
King BBQ;Cà Mau;Cà Mau
Làng nướng Nhật Duy 222;Cà Mau;Cà Mau
Nhà hàng Hương Việt;Cà Mau;Cà Mau
Nhà hàng Phố Xưa;Cà Mau;Cà Mau
Hải sản Quạt Mo;Cà Mau;Cà Mau
La Maison 1888;TP. Đà Nẵng;TP. Đà Nẵng
Little TOKYO Restaurant;TP. Đà Nẵng;TP. Đà Nẵng
SOHO - nhà hàng Buffet;TP. Đà Nẵng;TP. Đà Nẵng
Hotpot Story;TP. Đà Nẵng;TP. Đà Nẵng
Nhà hàng hải sản đặc sản Đông Dương;TP. Đà Nẵng;TP. Đà Nẵng
King BBQ;TP. Đà Nẵng;TP. Đà Nẵng
Nhà Hàng Cơm Niêu Trúc Lâm Viên;TP. Đà Nẵng;TP. Đà Nẵng
Faifo Grill;TP. Đà Nẵng;TP. Đà Nẵng
Dạ Bến Bờ - Chương Dương;TP. Đà Nẵng;TP. Đà Nẵng
Đặc Sản Trần - Phạm Văn Đồng;TP. Đà Nẵng;TP. Đà Nẵng
Nhà hàng tiệc cưới King’s Palace- Queen Palace;TP. Đà Nẵng;TP. Đà Nẵng
Nhậu Zô - Cocobay Đà Nẵng;TP. Đà Nẵng;TP. Đà Nẵng
Nhà hàng Akataiyo Mặt Trời Đỏ - Nguyễn Du;TP. Đà Nẵng;TP. Đà Nẵng
Chợ Xưa – Cocobay Đà Nẵng;TP. Đà Nẵng;TP. Đà Nẵng
Waterfront Danang Restaurant & Bar;TP. Đà Nẵng;TP. Đà Nẵng
Organic Restaurant;TP. Đà Nẵng;TP. Đà Nẵng
My Casa;TP. Đà Nẵng;TP. Đà Nẵng
Pizza Pasta & Fast Food;TP. Đà Nẵng;TP. Đà Nẵng
Nén Restaurant;TP. Đà Nẵng;TP. Đà Nẵng
Nhà hàng Gió Trăng (Wind - Moon);TP. Đà Nẵng;TP. Đà Nẵng
Không Gian Xưa;TP. Đà Nẵng;TP. Đà Nẵng
Marina Restaurant – Bến du thuyền DMT Group;TP. Đà Nẵng;TP. Đà Nẵng
Steakstone LOUIS - Restaurant & Coffee;TP. Đà Nẵng;TP. Đà Nẵng
Nhà Hàng Cua Cớm;TP. Đà Nẵng;TP. Đà Nẵng
Nhà Hàng Hải Sản Sabaku;TP. Đà Nẵng;TP. Đà Nẵng
Nơm Bistro - Món Việt;TP. Đà Nẵng;TP. Đà Nẵng
Nhà hàng biển Syrena Đà Nẵng;TP. Đà Nẵng;TP. Đà Nẵng
Quán Thực Phẩm Đặc Biệt;Điện Biên;Điện Biên
Thanh Hải Quán;Điện Biên;Điện Biên
Red House;Điện Biên;Điện Biên
Nhà hàng Điện Biên Phủ;Điện Biên;Điện Biên
Nhà hàng Tuyết Trung;Điện Biên;Điện Biên
Nhà hàng Tiến Oanh;Điện Biên;Điện Biên
Bánh xèo sông Hương;Điện Biên;Điện Biên
Chè bát bốn mùa;Điện Biên;Điện Biên
Hà Nội Quán;Điện Biên;Điện Biên
Dung Béo – quán ăn ngon Điện Biên;Điện Biên;Điện Biên
Đặc sản lươn Nghệ An – quán ăn ngon Điện Biên;Điện Biên;Điện Biên
Bánh mì que;Điện Biên;Điện Biên
Quán Công Hoan;Điện Biên;Điện Biên
Quán Xuân Vàng Mũi Né;Lâm Đồng;Lâm Đồng
Nhà hàng Hà Giang;Điện Biên;Điện Biên
Hương Đồng Nội;Điện Biên;Điện Biên
Nhà hàng Song Hỷ;Điện Biên;Điện Biên
Red House;Điện Biên;Điện Biên
Tý Đài – quán ăn ngon Điện Biên;Điện Biên;Điện Biên
Nhà hàng Hoàng Nam;Điện Biên;Điện Biên
Nhà hàng chay Yên Ninh;Điện Biên;Điện Biên
Nhà Hàng Cây Dừa;Đồng Nai;Đồng Nai
Nhà hàng Tiến Oanh;Điện Biên;Điện Biên
Nhà hàng Thaisphere;Điện Biên;Điện Biên
Hải sản Phúc An;Điện Biên;Điện Biên
Nhà hàng A1 – Ẩm thực Việt;Điện Biên;Điện Biên
Nhà Sàn Quán;Điện Biên;Điện Biên
Phở Vược;Điện Biên;Điện Biên
Quán Iris – Quán ăn ngon tại Điện Biên;Điện Biên;Điện Biên
Dân tộc quán;Điện Biên;Điện Biên
Lẩu Tôm 5 Ri Biên Hòa;Đồng Nai;Đồng Nai
Nhà Sàn Lò Bảo Châu;Điện Biên;Điện Biên
Quán dê Minh Bục;Điện Biên;Điện Biên
Nhà hàng Song Hỷ Điện Biên;Điện Biên;Điện Biên
Nhà Hàng Hương Đồng Nội;Điện Biên;Điện Biên
Nhà Hàng Tiệc Cưới Khánh Ngọc 2;Đồng Nai;Đồng Nai
Nhà hàng trong khách sạn Mường Thanh;Điện Biên;Điện Biên
Buffet BBQ Long Thành 139k;Đồng Nai;Đồng Nai
Lâm Xung Quán;Đồng Nai;Đồng Nai
Steak Bin & Pizza;Đồng Nai;Đồng Nai
Phá Lấu 57;Đồng Nai;Đồng Nai
Jollibee;Đồng Nai;Đồng Nai
Nhà hàng Watami Japan;Đồng Nai;Đồng Nai
Bùm BBQ - seafood;Đồng Nai;Đồng Nai
Phố Nhật - Long Khánh;Đồng Nai;Đồng Nai
Cơm niêu Cao Phát;Đồng Nai;Đồng Nai
Quán hủ tíu Cường Phát.;Đồng Nai;Đồng Nai
Nhà hàng Đồng Lợi;Đồng Nai;Đồng Nai
Nhà hàng Vườn Xuân;Đồng Nai;Đồng Nai
King Quán;Đồng Nai;Đồng Nai
Trà Sữa Rang Nhật Bản;Đồng Nai;Đồng Nai
Sencha Tea;Đồng Nai;Đồng Nai
Sushi-Iko;Đồng Nai;Đồng Nai
Nhà Hàng Thiên Quế 333;Đồng Nai;Đồng Nai
Wakemi Japanese Restaurant;Đồng Nai;Đồng Nai
Bò Sốt Hẻm - Long Thành;Đồng Nai;Đồng Nai
Nhà hàng BỤI;Đồng Nai;Đồng Nai
Nhà hàng lẩu cua Tuấn;Đồng Nai;Đồng Nai
Nhà hàng 86 Seafood;Đồng Nai;Đồng Nai
Nhà Hàng Tiệc Cưới Cát Tường Garden Long Khánh;Đồng Nai;Đồng Nai
Trung tâm hội nghị tiệc cưới Giai Ngẫu;Đồng Nai;Đồng Nai
Nhà hàng Kim Ngọc Phát;Đồng Nai;Đồng Nai
Nhà hàng tiệc cưới Hoàng Kim Biên Hòa;Đồng Nai;Đồng Nai
Nhà hàng tiêc cưới Eros Palace;Đồng Nai;Đồng Nai
Trung tâm hội nghị tiệc cưới Thiên Ân Palace;Đồng Nai;Đồng Nai
Trung tâm hội nghị tiệc cưới Golden Lotus;Đồng Nai;Đồng Nai
Bò Nướng Flamme Bufalo;Đồng Nai;Đồng Nai
Nhà hàng Alibaba;Đồng Nai;Đồng Nai
Nhà Hàng K'Tân;Đồng Nai;Đồng Nai
Golden Palace Biên Hòa;Đồng Nai;Đồng Nai
Mongkok Restaurant;Đồng Nai;Đồng Nai
Nhà hàng Phổ Đình Biên Hòa;Đồng Nai;Đồng Nai
Quán 49;Lâm Đồng;Lâm Đồng
Thuyền Quán Mũi Né;Lâm Đồng;Lâm Đồng
Nhà hàng Hồng Vinh;Lâm Đồng;Lâm Đồng
Nhà hàng Hòn Rom2;Lâm Đồng;Lâm Đồng
Nhà Hàng Cánh Buồm Vàng;Lâm Đồng;Lâm Đồng
Nhà hàng Vietnam Home Mũi Né;Lâm Đồng;Lâm Đồng
Nhà hàng Làng chài;Lâm Đồng;Lâm Đồng
Nhà hàng Sóc Nâu Mũi Né;Lâm Đồng;Lâm Đồng
Nhà Hàng Mã Gia Quán;Tuyên Quang;Tuyên Quang
Quán Ly Dính – Quán phở chua ngon Hà Giang;Tuyên Quang;Tuyên Quang
Nhà hàng Vương Gia;Tuyên Quang;Tuyên Quang
Cơm Niêu An Nhiên;Tuyên Quang;Tuyên Quang
Sam’s Chicken – Quán ăn ngon tại Hà Giang;Tuyên Quang;Tuyên Quang
Quán cháo Mộc Miên;Tuyên Quang;Tuyên Quang
Nhà hàng Hải Hiền;Tuyên Quang;Tuyên Quang
Nhà hàng Trung Vân;Tuyên Quang;Tuyên Quang
Nhà hàng Non Nước;Lâm Đồng;Lâm Đồng
Nhà hàng Tiến Nhị;Tuyên Quang;Tuyên Quang
Nhà hàng Lâm Tùng;Tuyên Quang;Tuyên Quang
Nhà hàng Đức Giang;Tuyên Quang;Tuyên Quang
Nhà hàng Âu Việt;Tuyên Quang;Tuyên Quang
Nhà hàng Cơm Dân Tộc;Tuyên Quang;Tuyên Quang
Phở 271 Nga Công – Quán ăn ngon tại Hà Giang;Tuyên Quang;Tuyên Quang
Nhà Hàng Long Sơn Mũi Né;Lâm Đồng;Lâm Đồng
Nhà hàng Sơn Thúy – Quán ăn ngon tại Hà Giang;Tuyên Quang;Tuyên Quang
Nhà hàng Ngói Đỏ;Tuyên Quang;Tuyên Quang
Buffet Lẩu Nướng Đường Đôi;Tuyên Quang;Tuyên Quang
Ding Tea;Tuyên Quang;Tuyên Quang
Cau Chu Quan SeaFood Lagi;Lâm Đồng;Lâm Đồng
Harru Quán : In Tokyo Hà Giang;Tuyên Quang;Tuyên Quang
Quán Cóc;Lâm Đồng;Lâm Đồng
Quán Cô Đầu Bếp;Lâm Đồng;Lâm Đồng
Trung Hoa Quán Lagi.;Lâm Đồng;Lâm Đồng
Làng nướng Kim Hương;Lâm Đồng;Lâm Đồng
Hashi Sushi;Lâm Đồng;Lâm Đồng
Wow Buffet BBQ & BEER;Lâm Đồng;Lâm Đồng
Bulgogi BBQ;Lâm Đồng;Lâm Đồng
Hot Japanese food;Lâm Đồng;Lâm Đồng
Mojo Cafe Restaurant;Lâm Đồng;Lâm Đồng
Nhà hàng tiệc cưới Viễn Đông;Lâm Đồng;Lâm Đồng
Mường Thanh Holiday Mũi Né;Lâm Đồng;Lâm Đồng
Champa Resort & Spa;Lâm Đồng;Lâm Đồng
Khách sạn nhà hàng Đồi Dương;Lâm Đồng;Lâm Đồng
Khách sạn nhà hàng Bình Minh;Lâm Đồng;Lâm Đồng
The Cliff Resort & Residences;Lâm Đồng;Lâm Đồng
TTC Hotel Premium;Lâm Đồng;Lâm Đồng
Nhà hàng TTC Palace;Lâm Đồng;Lâm Đồng
Khách sạn nhà hàng Cà Ty;Lâm Đồng;Lâm Đồng
Wow Buffet - BBQ &Beer;Lâm Đồng;Lâm Đồng
DejaVu;Lâm Đồng;Lâm Đồng
Cham Garden Restaurant;Lâm Đồng;Lâm Đồng
Love Sushi Lounge Cafe;Lâm Đồng;Lâm Đồng
Beertown Restaurant & Pub;Lâm Đồng;Lâm Đồng
L’Oceane Restaurant;Lâm Đồng;Lâm Đồng
Lẩu Phan Hà Giang;Tuyên Quang;Tuyên Quang
Lẩu Nướng Golden;Tuyên Quang;Tuyên Quang
Nhà Hàng Green Karst;Tuyên Quang;Tuyên Quang
Nhà hàng Oanh Hiệu;Tuyên Quang;Tuyên Quang
BBQ BEER CLUB;Tuyên Quang;Tuyên Quang
Golden BBQ Hà Giang;Tuyên Quang;Tuyên Quang
Nhà hàng Sông Núi;Tuyên Quang;Tuyên Quang
Nhà hàng Dê Đức Hiến;Tuyên Quang;Tuyên Quang
Nhà hàng cá Sông Lô;Tuyên Quang;Tuyên Quang
Quán nhà Sàn cơm dân tộc;Tuyên Quang;Tuyên Quang
Cá kho làng Vũ Đại;Ninh Bình;Ninh Bình
Bún bò Huế 90 Lê Công Thanh;Ninh Bình;Ninh Bình
Nhà hàng Quang Béo;Ninh Bình;Ninh Bình
Xôi cô Sen;Ninh Bình;Ninh Bình
Nhà hàng Phương Thảo;Ninh Bình;Ninh Bình
Quán ốc Hoàng Thắng;Ninh Bình;Ninh Bình
Nhà hàng vườn đồng quê;Ninh Bình;Ninh Bình
EDEN coffee;Ninh Bình;Ninh Bình
Nhà hàng Lộng Gió;Ninh Bình;Ninh Bình
Nhà hàng hải sản Cánh Buồm;Ninh Bình;Ninh Bình
Nhà hàng Trung Hoa Đại Tửu Lẩu;Ninh Bình;Ninh Bình
Nhà hàng chay Tuệ Giác 2;Ninh Bình;Ninh Bình
Nhà hàng Biển Khơi;Ninh Bình;Ninh Bình
Nhà hàng Thanh Hiền;Ninh Bình;Ninh Bình
Nhà hàng Tân Sơn;Ninh Bình;Ninh Bình
Nhà hàng Tuyết Mai;Ninh Bình;Ninh Bình
Nhà hàng nổi Hồng Phú;Ninh Bình;Ninh Bình
Lẩu nướng hải sản Thu Huệ;Ninh Bình;Ninh Bình
Bún sốt vang;Ninh Bình;Ninh Bình
Bánh Cuốn Chả Phủ Lý - Lý Tuyên;Ninh Bình;Ninh Bình
Quán Lá Việt Nam;Ninh Bình;Ninh Bình
GoGi House Hà Nam;Ninh Bình;Ninh Bình
Manwah Hà Nam (Biên Hòa);Ninh Bình;Ninh Bình
Nhà hàng Kiều Gia;Ninh Bình;Ninh Bình
Lẩu nướng Hàn Quốc Hà Nam;Ninh Bình;Ninh Bình
Bbq and Hot Pot World Buffet Hà Nam;Ninh Bình;Ninh Bình
Bánh mì Mít;Ninh Bình;Ninh Bình
Quán ăn Cây Khế;Ninh Bình;Ninh Bình
Nhà hàng Ngọc Sơn;Ninh Bình;Ninh Bình
Làng Nướng Biển Mặn;Đồng Nai;Đồng Nai
Nhà hàng Đất Đỏ;Đồng Nai;Đồng Nai
Nhà Hàng Akira Sushi;Đồng Nai;Đồng Nai
Lucky Bò Né & Lẩu Bò;Đồng Nai;Đồng Nai
Bánh canh Nguyễn Huệ;Đồng Nai;Đồng Nai
Quán cơm Ba Miền;Đồng Nai;Đồng Nai
Quán cơm Dũng Đồng Xoài;Đồng Nai;Đồng Nai
Lẩu dê Sân Banh;Đồng Nai;Đồng Nai
Quán phở số 1;Đồng Nai;Đồng Nai
Hủ tiếu mực Nàng Kiều;Đồng Nai;Đồng Nai
Hằng Quán;Đắk Lắk;Đắk Lắk
Nhà hàng Bến Thủy;Đắk Lắk;Đắk Lắk
Lẩu Hơi Quốc Thực;Ninh Bình;Ninh Bình
Nhà hàng Hoàng Nam;Ninh Bình;Ninh Bình
Taraka Buffet;Ninh Bình;Ninh Bình
Manwah - Taiwanese Hotpot;Ninh Bình;Ninh Bình
Nhà hàng Hoàn Vũ;Đồng Nai;Đồng Nai
Hải Sản A Cọp;Đồng Nai;Đồng Nai
Hủ tiếu Nam Vang Lan Phát;Đồng Nai;Đồng Nai
Nhà Hàng Ẩm Thực Đông Quảng;Đắk Lắk;Đắk Lắk
Nhà Hàng Yasaka Hương Sen;Đắk Lắk;Đắk Lắk
Nhà Hàng Hải Sản Phước Nguyệt;Đắk Lắk;Đắk Lắk
Quán Hoa Sữa Trần Phú;Đắk Lắk;Đắk Lắk
Quán Tuấn;Đắk Lắk;Đắk Lắk
Phi Hoa Sữa Hải Sản;Đắk Lắk;Đắk Lắk
Nhà Hàng Làng Chài – Hải Sản Tươi Ngon Ở Phú Yên;Đắk Lắk;Đắk Lắk
MintYum BBQ;Đắk Lắk;Đắk Lắk
Nhà Hàng Hải Sản Canary Tuy Hòa;Đắk Lắk;Đắk Lắk
Nhà hàng Chúc Xíu;Đắk Lắk;Đắk Lắk
Bún Cá Đất Phú;Đắk Lắk;Đắk Lắk
Đại Dương Restaurant;Đắk Lắk;Đắk Lắk
Nhà hàng Bò nướng Thiên Hương;Đắk Lắk;Đắk Lắk
Pallet Restaurant;Đắk Lắk;Đắk Lắk
Nhà hàng sân thượng STAR TÚT;Đắk Lắk;Đắk Lắk
Nhà hàng Sala Tuy Hòa Beach;Đắk Lắk;Đắk Lắk
Bánh canh bà Cả;Đắk Lắk;Đắk Lắk
Cơm Niêu Tuy Hòa;Đắk Lắk;Đắk Lắk
Nem nướng Nhật Hoàng;Đắk Lắk;Đắk Lắk
Đặc Sản Gà Nướng Năm An;Đắk Lắk;Đắk Lắk
GoGi House Tuy Hòa;Đắk Lắk;Đắk Lắk
Ding Tea Phú Yên;Đắk Lắk;Đắk Lắk
Cơm gà Tuyết Nhung;Đắk Lắk;Đắk Lắk
Bánh xèo Bo Bo;Đắk Lắk;Đắk Lắk
Mì cay kitachi;Đắk Lắk;Đắk Lắk
Bún Đậu Kenna Quán;Đắk Lắk;Đắk Lắk
Quán lẩu dê Chóp Chài;Đắk Lắk;Đắk Lắk
Quán Bồng Bềnh;Đắk Lắk;Đắk Lắk
Lẩu Rau 93;Đồng Nai;Đồng Nai
Quán Hải Sản Luỹ Tre Xanh;Đồng Nai;Đồng Nai
Quán ăn Sân Vườn Hưng Hồng;Đồng Nai;Đồng Nai
Hương sen quán;Đồng Nai;Đồng Nai
Ăn Ngon Lucky;Đồng Nai;Đồng Nai
Hội quán Hải sản Hoàng Hải;Đồng Nai;Đồng Nai
Hải sản Biển Dương;Đồng Nai;Đồng Nai
Sushi Sanh;Gia Lai;Gia Lai
Sushi Haru;Gia Lai;Gia Lai
SHO Japanese Restaurant;Gia Lai;Gia Lai
Quốc Bảo Palace - Hội Nghị & Tiệc Cưới;Gia Lai;Gia Lai
Quán Ngọc;Gia Lai;Gia Lai
Quán Dê Tươi 68;Gia Lai;Gia Lai
Ốc Lẫu Nướng;Gia Lai;Gia Lai
Nhà Hàng Trung Phú;Gia Lai;Gia Lai
Trầu Cau 1 - Nhà Hàng Tiệc Cưới;Gia Lai;Gia Lai
Nhà hàng Thiên Hương;Gia Lai;Gia Lai
Nhà Hàng Sao Mai;Gia Lai;Gia Lai
Nhà hàng sự kiện tiệc cưới Riverside;Gia Lai;Gia Lai
Nhà Hàng Quê Hương;Gia Lai;Gia Lai
Nhà hàng Tiệc cưới Mường Thanh;Gia Lai;Gia Lai
Nhà hàng Mộc Viên;Gia Lai;Gia Lai
Đặc Sản Lâm Hải;Gia Lai;Gia Lai
Nhà hàng Hương Việt;Gia Lai;Gia Lai
Nhà hàng Hướng Dương;Gia Lai;Gia Lai
Trung Tâm Hội Nghị - Tiệc Cưới Hoàng Yến;Gia Lai;Gia Lai
Nhà Hàng Hoa Tân An;Gia Lai;Gia Lai
Nhà hàng Hoa Cau;Gia Lai;Gia Lai
Nhà hàng hải sản Hoài Hương;Gia Lai;Gia Lai
Nhà hàng hải sản Phố Biển FAF Nhơn Hải;Gia Lai;Gia Lai
Eden - Nhà Hàng & Tiệc Cưới;Gia Lai;Gia Lai
Nhà Hàng Hải Âu - Tiệc Cưới & Hội Nghị;Gia Lai;Gia Lai
Nhà hàng Bình Hà;Gia Lai;Gia Lai
Nhà hàng Bảo Nam;Gia Lai;Gia Lai
NamSushi & BBQ Buffet;Gia Lai;Gia Lai
Hải Sản Tươi Sống Kim Phúc;Gia Lai;Gia Lai
Grand Palace Quy Nhơn;Gia Lai;Gia Lai
King BBQ;TP. Hồ Chí Minh;TP. Hồ Chí Minh
Yum Cha - Nhà hàng ẩm thực Trung Hoa;TP. Hồ Chí Minh;TP. Hồ Chí Minh
Pizza Hut;TP. Hồ Chí Minh;TP. Hồ Chí Minh
Ẩm Thực Beer City;TP. Hồ Chí Minh;TP. Hồ Chí Minh
SaSin - Mì Cay 7 Cấp Độ Hàn Quốc;TP. Hồ Chí Minh;TP. Hồ Chí Minh
Bờ Kè Quán - Gà Nướng Cơm Cháy;TP. Hồ Chí Minh;TP. Hồ Chí Minh
Burger Tiện Lợi;TP. Hồ Chí Minh;TP. Hồ Chí Minh
Lotteria;TP. Hồ Chí Minh;TP. Hồ Chí Minh
Nhà hàng tiệc cưới Misol;TP. Hồ Chí Minh;TP. Hồ Chí Minh
Nhà hàng Sesan;TP. Hồ Chí Minh;TP. Hồ Chí Minh
Nhà hàng tiệc cưới Sen Hồ Tây;TP. Hồ Chí Minh;TP. Hồ Chí Minh
Thời Đại Garden;TP. Hồ Chí Minh;TP. Hồ Chí Minh
Nhà hàng tiệc cưới The Mira;TP. Hồ Chí Minh;TP. Hồ Chí Minh
Becamex Hospitality;TP. Hồ Chí Minh;TP. Hồ Chí Minh
Nhà hàng MonAmi;TP. Hồ Chí Minh;TP. Hồ Chí Minh
Happy Time - Trung tâm hội nghị tiệc cưới;TP. Hồ Chí Minh;TP. Hồ Chí Minh
Ẩm Thực Beer Nguyễn;TP. Hồ Chí Minh;TP. Hồ Chí Minh
Phố Nướng Tokyo Bình Dương;TP. Hồ Chí Minh;TP. Hồ Chí Minh
Nhà hàng Cu Chì;TP. Hồ Chí Minh;TP. Hồ Chí Minh
Làng Ẩm Thực;TP. Hồ Chí Minh;TP. Hồ Chí Minh
Hoàng Cung Quán;TP. Hồ Chí Minh;TP. Hồ Chí Minh
Nhà hàng Maison Sens;TP. Hà Nội;TP. Hà Nội
GRILLE6 Steakhouse;TP. Hà Nội;TP. Hà Nội
The Valley House;TP. Hà Nội;TP. Hà Nội
COCA Restaurant;TP. Hà Nội;TP. Hà Nội
TUNG dining;TP. Hà Nội;TP. Hà Nội
Nhà hàng Hương Sen;TP. Hà Nội;TP. Hà Nội
Pan e Vino;TP. Hà Nội;TP. Hà Nội
Mapa C's Wine Bar;TP. Hà Nội;TP. Hà Nội
Nhà hàng Ngọc Mai Vàng;TP. Hà Nội;TP. Hà Nội
Yu long - Buffet lẩu nướng;TP. Hà Nội;TP. Hà Nội
Bủng Buffet - Nướng Nghiền Ngay Lẩu Mê Say;TP. Hà Nội;TP. Hà Nội
Thái Pattaya - BBQ & Hotpot;TP. Hà Nội;TP. Hà Nội
Buffet lẩu nướng - Gri & Gri;TP. Hà Nội;TP. Hà Nội
HABIT BBQ;TP. Hà Nội;TP. Hà Nội
K-Pub - Nướng Đường Phố Hàn Quốc;TP. Hà Nội;TP. Hà Nội
Gogi House;TP. Hà Nội;TP. Hà Nội
Bò King Beefsteak;TP. Hà Nội;TP. Hà Nội
Cube Beefsteak & Drinks;TP. Hà Nội;TP. Hà Nội
Nhà hàng Măm măm Steakhouse;TP. Hà Nội;TP. Hà Nội
BêTô Bistro&Tealounge;TP. Hà Nội;TP. Hà Nội
My Way Steakhouse;TP. Hà Nội;TP. Hà Nội
Au Délice;TP. Hà Nội;TP. Hà Nội
Botanica;TP. Hà Nội;TP. Hà Nội
Moo Beefsteak;TP. Hà Nội;TP. Hà Nội
Moon BBQ;TP. Hà Nội;TP. Hà Nội
Nhà hàng Salmonoid;TP. Hà Nội;TP. Hà Nội
Nhà hàng Jade Moon;TP. Hà Nội;TP. Hà Nội
Nhà hàng Sứ Bia;TP. Hà Nội;TP. Hà Nội
6 Degrees;TP. Hà Nội;TP. Hà Nội
Tivoli Restaurant;TP. Hà Nội;TP. Hà Nội
La Terrasse;TP. Hà Nội;TP. Hà Nội
Panorama Restaurant;TP. Hà Nội;TP. Hà Nội
Skyline Hanoi;TP. Hà Nội;TP. Hà Nội
Nhà hàng Tân Sake;TP. Hồ Chí Minh;TP. Hồ Chí Minh
Nhà hàng Hương Việt;TP. Hồ Chí Minh;TP. Hồ Chí Minh
Vạn Lộc Phát Palace;TP. Hồ Chí Minh;TP. Hồ Chí Minh
Trung tâm hội nghị tiệc cưới MiMi Palace Bình Dương;TP. Hồ Chí Minh;TP. Hồ Chí Minh
Trung tâm tiệc cưới và hội nghị Dương Gia Palace;TP. Hồ Chí Minh;TP. Hồ Chí Minh
Trung tâm sự kiện cưới Blue;TP. Hồ Chí Minh;TP. Hồ Chí Minh
Mì Nhật Saisai Ramen;TP. Hồ Chí Minh;TP. Hồ Chí Minh
Lồng Quán;TP. Hồ Chí Minh;TP. Hồ Chí Minh
Anna Bak Kut Teh;TP. Hồ Chí Minh;TP. Hồ Chí Minh
Tiamo Phú Thịnh;TP. Hồ Chí Minh;TP. Hồ Chí Minh
Trung tâm tiệc cưới Thanh Bình - KSB;TP. Hồ Chí Minh;TP. Hồ Chí Minh
Nhà hàng tiệc cưới Phương Nam;TP. Hồ Chí Minh;TP. Hồ Chí Minh
Nhà hàng Rosa Palace;TP. Hồ Chí Minh;TP. Hồ Chí Minh
Nhà hàng ẩm thực Nắng Biển;Vĩnh Long;Vĩnh Long
Nhà hàng Song Toàn;Vĩnh Long;Vĩnh Long
Shine BBQ & Hotpot;Vĩnh Long;Vĩnh Long
Làng nướng Duy Phương;Vĩnh Long;Vĩnh Long
Nhà hàng Zô Sài Gòn;TP. Hồ Chí Minh;TP. Hồ Chí Minh
Yume Sushi;TP. Hồ Chí Minh;TP. Hồ Chí Minh
Nhà hàng Hùng Vương;Vĩnh Long;Vĩnh Long
Yu Shang Lou;TP. Hồ Chí Minh;TP. Hồ Chí Minh
Yu Chu - Chinese Restaurant;TP. Hồ Chí Minh;TP. Hồ Chí Minh
YEN Sushi & Sake Pub;TP. Hồ Chí Minh;TP. Hồ Chí Minh
Nhà hàng Đồng Khởi 2;Vĩnh Long;Vĩnh Long
Nhà hàng Mai Vàng;Vĩnh Long;Vĩnh Long
Yau Hau Fook Restaurant;TP. Hồ Chí Minh;TP. Hồ Chí Minh
Nhà hàng Bến Dừa;Vĩnh Long;Vĩnh Long
Xiên Khè quán;TP. Hồ Chí Minh;TP. Hồ Chí Minh
Xẻng - Mồi & Bia;TP. Hồ Chí Minh;TP. Hồ Chí Minh
Nhà hàng hải sản Ngọc Hiệp;Vĩnh Long;Vĩnh Long
Vỹ Dạ Quán;TP. Hồ Chí Minh;TP. Hồ Chí Minh
Vịt quay Vĩnh Phong;TP. Hồ Chí Minh;TP. Hồ Chí Minh
Nhà hàng Nam Sơn;Vĩnh Long;Vĩnh Long
Vịt quay Quang Ký;TP. Hồ Chí Minh;TP. Hồ Chí Minh
Nhà hàng Sông Nước Miền Tây;Vĩnh Long;Vĩnh Long
Nhà hàng Làng Chài;Vĩnh Long;Vĩnh Long
Nhà hàng Hàm Luông;Vĩnh Long;Vĩnh Long
Nhà hàng Làng bè;Vĩnh Long;Vĩnh Long
The Crab Shack - Nhà Hàng Hải Sản;TP. Hồ Chí Minh;TP. Hồ Chí Minh
Vịt quay Đắc Hòa II;TP. Hồ Chí Minh;TP. Hồ Chí Minh
Vườn ẩm thực Hoàng Phố;Vĩnh Long;Vĩnh Long
VIGOR - Dining Club Saigon;TP. Hồ Chí Minh;TP. Hồ Chí Minh
Bún riêu Tú Điền;Vĩnh Long;Vĩnh Long
Lẩu dê Út An;Vĩnh Long;Vĩnh Long
Nhà hàng Việt Phố;TP. Hồ Chí Minh;TP. Hồ Chí Minh
Uncle Park's Vietnamese & Korean Restaurant;TP. Hồ Chí Minh;TP. Hồ Chí Minh
Ốc 6 Phụng;Vĩnh Long;Vĩnh Long
Úm Ba La Street Food Station;TP. Hồ Chí Minh;TP. Hồ Chí Minh
Phở Ngọc Châu;Vĩnh Long;Vĩnh Long
Nhà hàng Thủy Tạ Đầm Sen;TP. Hồ Chí Minh;TP. Hồ Chí Minh
Nhà hàng Thiên Phước;TP. Hồ Chí Minh;TP. Hồ Chí Minh
Thiên Du Sky Sushi;TP. Hồ Chí Minh;TP. Hồ Chí Minh
Quán bánh xèo ốc gạo Phú Đa;Vĩnh Long;Vĩnh Long
The Square - Novotel Saigon Centre;TP. Hồ Chí Minh;TP. Hồ Chí Minh
The Refinery Bar & Restaurant;TP. Hồ Chí Minh;TP. Hồ Chí Minh
The Olive Steakhouse;TP. Hồ Chí Minh;TP. Hồ Chí Minh
The Loop Restaurant & Coffee;TP. Hồ Chí Minh;TP. Hồ Chí Minh
Nhà hàng The LOG;TP. Hồ Chí Minh;TP. Hồ Chí Minh
The Gangs;TP. Hồ Chí Minh;TP. Hồ Chí Minh
The First Steakhouse & Winery;TP. Hồ Chí Minh;TP. Hồ Chí Minh
The Crab Shack;TP. Hồ Chí Minh;TP. Hồ Chí Minh
Nhà hàng The Cajun Cua;TP. Hồ Chí Minh;TP. Hồ Chí Minh
Thái BBQ Buffet - Món Nướng & Lẩu Thái Lan;TP. Hồ Chí Minh;TP. Hồ Chí Minh
Nhà hàng Tự Do Liberty;TP. Hồ Chí Minh;TP. Hồ Chí Minh
TukTuk Thai Bistro;TP. Hồ Chí Minh;TP. Hồ Chí Minh
Tokyo Deli;TP. Hồ Chí Minh;TP. Hồ Chí Minh
Tèobokki;TP. Hồ Chí Minh;TP. Hồ Chí Minh
Tasaki BBQ SC VivoCITY;TP. Hồ Chí Minh;TP. Hồ Chí Minh
Tân Hải Vân;TP. Hồ Chí Minh;TP. Hồ Chí Minh
Tasaki BBQ;TP. Hồ Chí Minh;TP. Hồ Chí Minh
Takashi Sushi;TP. Hồ Chí Minh;TP. Hồ Chí Minh
Sushi World;TP. Hồ Chí Minh;TP. Hồ Chí Minh
Sushi To;TP. Hồ Chí Minh;TP. Hồ Chí Minh
Sushi Tei;TP. Hồ Chí Minh;TP. Hồ Chí Minh
Sushi Masa;TP. Hồ Chí Minh;TP. Hồ Chí Minh
Sushi Hokkaido Sachi;TP. Hồ Chí Minh;TP. Hồ Chí Minh
Sushi Ginza;TP. Hồ Chí Minh;TP. Hồ Chí Minh
Sushi 79;TP. Hồ Chí Minh;TP. Hồ Chí Minh
Sushi & BBQ Miya;TP. Hồ Chí Minh;TP. Hồ Chí Minh
Quán Ăn Ngon;TP. Hà Nội;TP. Hà Nội
Sorae Sushi Saigon;TP. Hồ Chí Minh;TP. Hồ Chí Minh
Sườn Cây Nướng & Hải sản;TP. Hồ Chí Minh;TP. Hồ Chí Minh
SumoBBQ - Phan Văn Trị;TP. Hồ Chí Minh;TP. Hồ Chí Minh
Su Su Quán - Món ăn Hàn Quốc;TP. Hồ Chí Minh;TP. Hồ Chí Minh
StormP Bar & Restaurant;TP. Hồ Chí Minh;TP. Hồ Chí Minh
Stix Restaurant;TP. Hồ Chí Minh;TP. Hồ Chí Minh
Square One (Park Hyatt Saigon);TP. Hồ Chí Minh;TP. Hồ Chí Minh
Spice World Hotpot Vietnam;TP. Hồ Chí Minh;TP. Hồ Chí Minh
Spice Temple - Nhà Hàng Thái Lan;TP. Hồ Chí Minh;TP. Hồ Chí Minh
Secret Garden - Vietnamese Restaurant & Tea House;TP. Hồ Chí Minh;TP. Hồ Chí Minh
Nhà hàng Sorae Sushi & Lounge;TP. Hồ Chí Minh;TP. Hồ Chí Minh
Nhà hàng Song Ngư;TP. Hồ Chí Minh;TP. Hồ Chí Minh
Somtum Der - Món Ăn Thái;TP. Hồ Chí Minh;TP. Hồ Chí Minh
Nhà hàng Skewers;TP. Hồ Chí Minh;TP. Hồ Chí Minh
Shinsen Sushi;TP. Hồ Chí Minh;TP. Hồ Chí Minh
Shang Garden;TP. Hồ Chí Minh;TP. Hồ Chí Minh
Shamoji Robata Yaki;TP. Hồ Chí Minh;TP. Hồ Chí Minh
Nhà hàng Sepia;TP. Hồ Chí Minh;TP. Hồ Chí Minh
Seoul Garden;TP. Hồ Chí Minh;TP. Hồ Chí Minh
Seoul Galbi;TP. Hồ Chí Minh;TP. Hồ Chí Minh
Phương Mai Chay Quán;TP. Hồ Chí Minh;TP. Hồ Chí Minh
Phụng Hoàng Lâu;TP. Hồ Chí Minh;TP. Hồ Chí Minh
Phong Cua;TP. Hồ Chí Minh;TP. Hồ Chí Minh
Phố Xưa;TP. Hồ Chí Minh;TP. Hồ Chí Minh
Ẩm Thực Quê Nhà;TP. Hồ Chí Minh;TP. Hồ Chí Minh
Nhà hàng Ao Ta;TP. Hà Nội;TP. Hà Nội
Nhà Hàng Bếp Việt Mùa Xuân;TP. Hà Nội;TP. Hà Nội
Nhà hàng Papa Cà phê;TP. Hà Nội;TP. Hà Nội
Cà phê The One;TP. Hà Nội;TP. Hà Nội
Ciao Cà phê;TP. Hà Nội;TP. Hà Nội
Nhà hàng Phố Trăng;TP. Đà Nẵng;TP. Đà Nẵng
Nhà hàng Vườn Hoàng;TP. Đà Nẵng;TP. Đà Nẵng
Nhà hàng du thuyền Hương Quế;TP. Đà Nẵng;TP. Đà Nẵng
Nhà hàng Cargo Club;TP. Đà Nẵng;TP. Đà Nẵng
Nhà hàng Bo Bo;TP. Đà Nẵng;TP. Đà Nẵng
Nhà hàng Nam Long;TP. Đà Nẵng;TP. Đà Nẵng
Nhà hàng Lê Bá Truyền II;TP. Đà Nẵng;TP. Đà Nẵng
Nhà hàng Quê Việt;TP. Hồ Chí Minh;TP. Hồ Chí Minh
Secret Garden;TP. Hồ Chí Minh;TP. Hồ Chí Minh
Sakyo Sushi;TP. Hồ Chí Minh;TP. Hồ Chí Minh
Saigon - Xiao Mei;TP. Hồ Chí Minh;TP. Hồ Chí Minh
Sài Gòn Phố Palace;TP. Hồ Chí Minh;TP. Hồ Chí Minh
RuNam Bistro - Drinks & Desserts;TP. Hồ Chí Minh;TP. Hồ Chí Minh
Nhà hàng Chay & Coffee Rôu;TP. Hồ Chí Minh;TP. Hồ Chí Minh
Rico Taco - Mexican Restaurant;TP. Hồ Chí Minh;TP. Hồ Chí Minh
Nhà hàng Rice Field;TP. Hồ Chí Minh;TP. Hồ Chí Minh
Red Chilli Seafood Buffet - Chloe Gallery;TP. Hồ Chí Minh;TP. Hồ Chí Minh
Rakuen Hotpot;TP. Hồ Chí Minh;TP. Hồ Chí Minh
Quán Ụt Ụt - Barbecue & Beer;TP. Hồ Chí Minh;TP. Hồ Chí Minh
Quán Gà Cơ Bắp;TP. Hồ Chí Minh;TP. Hồ Chí Minh
Quán Chả Lụi Chị Em - Lagi;TP. Hồ Chí Minh;TP. Hồ Chí Minh
Quán Bụi Garden;TP. Hồ Chí Minh;TP. Hồ Chí Minh
Quán Bụi;TP. Hồ Chí Minh;TP. Hồ Chí Minh
Quán Ăn Sài Gòn 938 - Ẩm Thực Trung Hoa;TP. Hồ Chí Minh;TP. Hồ Chí Minh
Quán Ăn Ngon 138;TP. Hồ Chí Minh;TP. Hồ Chí Minh
Nhà hàng Thanh Niên;TP. Hồ Chí Minh;TP. Hồ Chí Minh
Nhà hàng Cung Đình Rex;TP. Hồ Chí Minh;TP. Hồ Chí Minh
Nhà hàng Phương Nam;TP. Hồ Chí Minh;TP. Hồ Chí Minh
Nhà hàng Hồng Hải;TP. Hồ Chí Minh;TP. Hồ Chí Minh
Nhà hàng Gạo;TP. Hồ Chí Minh;TP. Hồ Chí Minh
Nhà hàng Bê Vàng - Unique Seafood;TP. Hồ Chí Minh;TP. Hồ Chí Minh
Nhà hàng Mộc - Riêu & Nướng;TP. Hồ Chí Minh;TP. Hồ Chí Minh
Nhà hàng Nón Lá;TP. Hồ Chí Minh;TP. Hồ Chí Minh
Nhà hàng Ngọc Sương;TP. Hồ Chí Minh;TP. Hồ Chí Minh
Pendolasco Thảo Điền - Nhà Hàng Ý;TP. Hồ Chí Minh;TP. Hồ Chí Minh
Papa's Chicken & Beer Thủ Đức;TP. Hồ Chí Minh;TP. Hồ Chí Minh
Papa’s Chicken;TP. Hồ Chí Minh;TP. Hồ Chí Minh
Pachi Pachi;TP. Hồ Chí Minh;TP. Hồ Chí Minh
Nhà hàng nổi Bến Tre;Vĩnh Long;Vĩnh Long
Ốc Nóng Vị Quê;TP. Hồ Chí Minh;TP. Hồ Chí Minh
OVENMARU;TP. Hồ Chí Minh;TP. Hồ Chí Minh
Okome Sushi Bar;TP. Hồ Chí Minh;TP. Hồ Chí Minh
Vườn ẩm thực Mai An Tiêm;Vĩnh Long;Vĩnh Long
Nhà Hàng Vườn Quê Sài Gòn;TP. Hồ Chí Minh;TP. Hồ Chí Minh
The Hotpot;Vĩnh Long;Vĩnh Long
Nhà hàng Thiên Quốc Chay;TP. Hồ Chí Minh;TP. Hồ Chí Minh
Nhà hàng The Deck Saigon;TP. Hồ Chí Minh;TP. Hồ Chí Minh
Sweet Home;Vĩnh Long;Vĩnh Long
Nhà Hàng TOKORI;TP. Hồ Chí Minh;TP. Hồ Chí Minh
Nhà hàng Tàu Sài Gòn;TP. Hồ Chí Minh;TP. Hồ Chí Minh
Nhà hàng Maxim’s;TP. Hồ Chí Minh;TP. Hồ Chí Minh
Quán Bún Riêu Tú Điền;Vĩnh Long;Vĩnh Long
Nhà hàng sinh thái Việt Nhật;Vĩnh Long;Vĩnh Long
Nhà hàng Shri;TP. Hồ Chí Minh;TP. Hồ Chí Minh
Nhà hàng Lemongrass;TP. Hồ Chí Minh;TP. Hồ Chí Minh
Làng Nướng Nam Bộ;TP. Hồ Chí Minh;TP. Hồ Chí Minh
Nhà hàng Lẩu Dê Thạch Bàn;TP. Hồ Chí Minh;TP. Hồ Chí Minh
Nhà hàng Indochine Saigon;TP. Hồ Chí Minh;TP. Hồ Chí Minh
Nhà hàng Hương Sen;TP. Hồ Chí Minh;TP. Hồ Chí Minh
Nhà hàng Honey Moon;TP. Hồ Chí Minh;TP. Hồ Chí Minh
Nhà hàng Hoàng Yến;TP. Hồ Chí Minh;TP. Hồ Chí Minh
Nhà Hàng Hoa Tulip;TP. Hồ Chí Minh;TP. Hồ Chí Minh
Nhà hàng Dining Room;TP. Hồ Chí Minh;TP. Hồ Chí Minh
Nhà hàng Ẩm Thực Chú Cuội;TP. Hồ Chí Minh;TP. Hồ Chí Minh
Nhà hàng Cơm niêu Thiên Lý;TP. Hồ Chí Minh;TP. Hồ Chí Minh
Nhà hàng Cổ Ngư;TP. Hồ Chí Minh;TP. Hồ Chí Minh
Nhà hàng Làng Du lịch Bình Quới 1;TP. Hồ Chí Minh;TP. Hồ Chí Minh
Bánh xèo Mười Xiềm;TP. Hồ Chí Minh;TP. Hồ Chí Minh
Nhà Hàng Sành Quán - Món Ngon Lạ;TP. Hồ Chí Minh;TP. Hồ Chí Minh
Nhà hàng Nổi TTC;Vĩnh Long;Vĩnh Long
Nhà hàng San Fu Lou 1;TP. Hồ Chí Minh;TP. Hồ Chí Minh
Nhà hàng Ninh Kiều - Quán 5;Vĩnh Long;Vĩnh Long
Nhà hàng Sài Gòn Grill;TP. Hồ Chí Minh;TP. Hồ Chí Minh
Nhà hàng Quá Ngon;TP. Hồ Chí Minh;TP. Hồ Chí Minh
Nhà hàng hải sản Mekong River;Vĩnh Long;Vĩnh Long
Nhà Hàng Orientica;TP. Hồ Chí Minh;TP. Hồ Chí Minh
Nhà hàng Ngân Đình;TP. Hồ Chí Minh;TP. Hồ Chí Minh
LeKao's Coffee;Vĩnh Long;Vĩnh Long
Nhà Hàng Nathalie's Thái;TP. Hồ Chí Minh;TP. Hồ Chí Minh
Nhà hàng Long Triều;TP. Hồ Chí Minh;TP. Hồ Chí Minh
Lẩu mắm Trúc Giang;Vĩnh Long;Vĩnh Long
Nhà hàng Lò Nướng Đá;TP. Hồ Chí Minh;TP. Hồ Chí Minh
Nhà hàng lẩu tokbokki Young Dabang;TP. Hồ Chí Minh;TP. Hồ Chí Minh
Lẩu mắm 130 Bến Tre;Vĩnh Long;Vĩnh Long
Nhà hàng Khoái;TP. Hồ Chí Minh;TP. Hồ Chí Minh
Nhà hàng Hoàng Ty;TP. Hồ Chí Minh;TP. Hồ Chí Minh
Lẩu 1 người KAMI;Vĩnh Long;Vĩnh Long
Nhà hàng Hải sản Tư Bình;TP. Hồ Chí Minh;TP. Hồ Chí Minh
Nhà hàng Gánh;TP. Hồ Chí Minh;TP. Hồ Chí Minh
King BBQ Buffet - Chi nhánh Bến Tre;Vĩnh Long;Vĩnh Long
Iokkoi Coffee - Zen Garden;Vĩnh Long;Vĩnh Long
Idea Coffee;Vĩnh Long;Vĩnh Long
Quán Hải Sản Thanh Tùng;Vĩnh Long;Vĩnh Long
Ann's Coffee;Vĩnh Long;Vĩnh Long
1992 Lẩu & Nướng Buffet;Vĩnh Long;Vĩnh Long
Buffet Sea Star;TP. Hà Nội;TP. Hà Nội
Meat Plus 4+4;TP. Hà Nội;TP. Hà Nội
Lẩu Hấp Fresh;TP. Hà Nội;TP. Hà Nội
Lẩu nấm Thảo Quý;TP. Hà Nội;TP. Hà Nội
Quán Kanpai;TP. Hà Nội;TP. Hà Nội
Quán Buk Buk;TP. Hà Nội;TP. Hà Nội
Nhà hàng Nam Sơn;TP. Hà Nội;TP. Hà Nội
Nhà hàng vườn phố ESTAURANT;TP. Hà Nội;TP. Hà Nội
El Gaucho Steakhouse - Crescent Mall;TP. Hồ Chí Minh;TP. Hồ Chí Minh
K’Street – Phố Lẩu Nướng;TP. Hà Nội;TP. Hà Nội
Dimsum & Lẩu Trung Hoa – FengHuang;TP. Hà Nội;TP. Hà Nội
Nhà Hàng Chay Đóa Sen Vàng;TP. Hồ Chí Minh;TP. Hồ Chí Minh
Thiên Mộc;TP. Hà Nội;TP. Hà Nội
Đại Lâm Mộc;TP. Hà Nội;TP. Hà Nội
Nhà hàng Cơm Niêu Sài Gòn;TP. Hồ Chí Minh;TP. Hồ Chí Minh
Nhà hàng Mặt Trời Đỏ Akataiyo;TP. Hà Nội;TP. Hà Nội
Nhà Hàng Buffet Chay Tịnh Thực Quán;TP. Hà Nội;TP. Hà Nội
Nhà hàng Cánh Buồm;TP. Hà Nội;TP. Hà Nội
Nhà hàng Ái Huê 1;TP. Hồ Chí Minh;TP. Hồ Chí Minh
Nhà hàng Sushibar;TP. Hà Nội;TP. Hà Nội
Nhà hàng Botanica;TP. Hà Nội;TP. Hà Nội
Nhà hàng Nhật Bản Nagisa – Linh Lang;TP. Hà Nội;TP. Hà Nội
Nhà hàng 7 Kỳ Quan;TP. Hồ Chí Minh;TP. Hồ Chí Minh
Fortune Pizza;TP. Hà Nội;TP. Hà Nội
Nhà hàng Hà Nội Phố;TP. Hà Nội;TP. Hà Nội
Ngọc Châu Garden;TP. Hồ Chí Minh;TP. Hồ Chí Minh
Nhà hàng Hoa An Viên – Phở Cali;TP. Hà Nội;TP. Hà Nội
Thung Lũng Vang;TP. Hà Nội;TP. Hà Nội
Ngò Rí - Nhà Hàng Thái Lan;TP. Hồ Chí Minh;TP. Hồ Chí Minh
Jaspas;TP. Hà Nội;TP. Hà Nội
Ngan Dinh Restaurant;TP. Hồ Chí Minh;TP. Hồ Chí Minh
Noir – Dining in the dark;TP. Hồ Chí Minh;TP. Hồ Chí Minh
Nhà Hàng Sum Villa;TP. Hà Nội;TP. Hà Nội
NakaThai;TP. Hồ Chí Minh;TP. Hồ Chí Minh
Nhà Hàng Buffet Sứ;TP. Hà Nội;TP. Hà Nội
Nhà Hàng Lã Vọng;TP. Hà Nội;TP. Hà Nội
La Badiane;TP. Hà Nội;TP. Hà Nội
Press Club;TP. Hà Nội;TP. Hà Nội
Mộc Riêu Nướng;TP. Hồ Chí Minh;TP. Hồ Chí Minh
Jacksons Steakhouse;TP. Hà Nội;TP. Hà Nội
Mountain Retreat;TP. Hồ Chí Minh;TP. Hồ Chí Minh
Ming Restaurant;TP. Hà Nội;TP. Hà Nội
Morico - Contemporary Japanese Lifestyle;TP. Hồ Chí Minh;TP. Hồ Chí Minh
El Gaucho;TP. Hà Nội;TP. Hà Nội
Green Tangerine;TP. Hà Nội;TP. Hà Nội
Moon's Kitchen Phú Nhuận;TP. Hồ Chí Minh;TP. Hồ Chí Minh
La Verticale;TP. Hà Nội;TP. Hà Nội
Moon's Kitchen - Korea BBQ & Coffee;TP. Hồ Chí Minh;TP. Hồ Chí Minh
Nhà Hàng Long Đình;TP. Hà Nội;TP. Hà Nội
The Rooftop Bar Hà Nội;TP. Hà Nội;TP. Hà Nội
Nhà Hàng Soft Water;TP. Hà Nội;TP. Hà Nội
Rice Bistro - Ẩm Thực Việt;TP. Hà Nội;TP. Hà Nội
Moon Go;TP. Hồ Chí Minh;TP. Hồ Chí Minh
Nhà hàng XANH GARDEN;TP. Hà Nội;TP. Hà Nội
Nhà hàng Hải Cảng;TP. Hà Nội;TP. Hà Nội
Moo Beef Steak;TP. Hồ Chí Minh;TP. Hồ Chí Minh
Nhà hàng Long Vĩ;TP. Hà Nội;TP. Hà Nội
Nhà hàng L'Annam Buffet;TP. Hà Nội;TP. Hà Nội
Mong Kok;TP. Hồ Chí Minh;TP. Hồ Chí Minh
Nhà hàng Sơn Thiên;TP. Hà Nội;TP. Hà Nội
Mì cay Sasin;TP. Hồ Chí Minh;TP. Hồ Chí Minh
Sen Tây Hồ;TP. Hà Nội;TP. Hà Nội
Nhà hàng Vạn Hoa;TP. Hà Nội;TP. Hà Nội
Nhà Hàng Phương Nguyên;TP. Hà Nội;TP. Hà Nội
Mẹt Quán - Ẩm Thực Tây Bắc;TP. Hồ Chí Minh;TP. Hồ Chí Minh
Nhà hàng Bay Buffet;TP. Hà Nội;TP. Hà Nội
Nhà hàng Lẩu Đức Trọc;TP. Hà Nội;TP. Hà Nội
Mekong Food Garden;TP. Hồ Chí Minh;TP. Hồ Chí Minh
Buffet Hải sản Chef Dzung;TP. Hà Nội;TP. Hà Nội
Meiwei;TP. Hồ Chí Minh;TP. Hồ Chí Minh
Nhà hàng Phủi Quán;TP. Hà Nội;TP. Hà Nội
Marukame Udon;TP. Hồ Chí Minh;TP. Hồ Chí Minh
Nhà hàng Phố biển;Nghệ An;Nghệ An
Nhà hàng Nemo Biển rạng;Nghệ An;Nghệ An
Nhà hàng Maria Saigon;TP. Hồ Chí Minh;TP. Hồ Chí Minh
Nhà hàng Rạm biển;Nghệ An;Nghệ An
Ăn vặt cô Thủy;Nghệ An;Nghệ An
Mandarine;TP. Hồ Chí Minh;TP. Hồ Chí Minh
Maison Mận-Đỏ Restaurant;TP. Hồ Chí Minh;TP. Hồ Chí Minh
Fuji;Nghệ An;Nghệ An
Macho Taco;TP. Hồ Chí Minh;TP. Hồ Chí Minh
Gin's Pizza;Nghệ An;Nghệ An
Don Chicken;Nghệ An;Nghệ An
Nhà hàng Lemongrass;TP. Hồ Chí Minh;TP. Hồ Chí Minh
LemonGrass;TP. Hồ Chí Minh;TP. Hồ Chí Minh
Le Steak - Beefsteak Bò;TP. Hồ Chí Minh;TP. Hồ Chí Minh
Nhật Nướng Thành Vinh;Nghệ An;Nghệ An
Hải sản Đại Dương;Nghệ An;Nghệ An
Nhà hàng SUMO Chef;Nghệ An;Nghệ An
Thái Story;Nghệ An;Nghệ An
Buffet Hải Sản ChefDzung;Nghệ An;Nghệ An
Delicio Restaurant;Nghệ An;Nghệ An
Nhà hàng The American Steak;Nghệ An;Nghệ An
Nhà hàng Hùng Loan 78;Nghệ An;Nghệ An
Nhà hàng Trung Hồng;Nghệ An;Nghệ An
Nhà hàng Phú Xuân;Nghệ An;Nghệ An
Nhà hàng Thái Dương;Nghệ An;Nghệ An
Nhà hàng Hành Hiệp;Nghệ An;Nghệ An
Nhà hàng Thúy Hiếu;Nghệ An;Nghệ An
Nhà hàng Lam Giang;Nghệ An;Nghệ An
Nhà hàng Lan Châu;Nghệ An;Nghệ An
Tôm Tít;Nghệ An;Nghệ An
Thế Giới Ăn Vặt Như Ngọc Huế;Nghệ An;Nghệ An
Nhà hàng Huy Hương;Nghệ An;Nghệ An
Nhà hàng Bình Xuân;Nghệ An;Nghệ An
Lẩu BangKok 6;Nghệ An;Nghệ An
Le Chef - Nhà hàng Pháp;TP. Hồ Chí Minh;TP. Hồ Chí Minh
Lẩu Nướng Thái Lan Số 7 - Poi Pet - Hùng Vương Square;TP. Hồ Chí Minh;TP. Hồ Chí Minh
Lẩu mắm Bà Dú;TP. Hồ Chí Minh;TP. Hồ Chí Minh
Lẩu Kiki;TP. Hồ Chí Minh;TP. Hồ Chí Minh
Lẩu Hong Kong - Hotpot & Dimsum Town;TP. Hồ Chí Minh;TP. Hồ Chí Minh
Lẩu Ếch Sáu Hiếu;TP. Hồ Chí Minh;TP. Hồ Chí Minh
Lẩu Dê Đồng Hương;TP. Hồ Chí Minh;TP. Hồ Chí Minh
Lẩu dê 404;TP. Hồ Chí Minh;TP. Hồ Chí Minh
Lẩu Dê & Cua 245;TP. Hồ Chí Minh;TP. Hồ Chí Minh
Lẩu Cua Đất Mũi;TP. Hồ Chí Minh;TP. Hồ Chí Minh
Lẩu cá kèo Bà Huyện;TP. Hồ Chí Minh;TP. Hồ Chí Minh
Lẩu Bò Sài Gòn ViVu;TP. Hồ Chí Minh;TP. Hồ Chí Minh
Lẩu Bò Quang Khải;TP. Hồ Chí Minh;TP. Hồ Chí Minh
Lẩu Bò Cô Thảo;TP. Hồ Chí Minh;TP. Hồ Chí Minh
Làng Vòng;TP. Hồ Chí Minh;TP. Hồ Chí Minh
Lạc Thái;TP. Hồ Chí Minh;TP. Hồ Chí Minh
La Villa;TP. Hồ Chí Minh;TP. Hồ Chí Minh
Lá Phong;TP. Hồ Chí Minh;TP. Hồ Chí Minh
K-Pub;TP. Hồ Chí Minh;TP. Hồ Chí Minh
Koki Chip;TP. Hồ Chí Minh;TP. Hồ Chí Minh
King BBQ Buffet;TP. Hồ Chí Minh;TP. Hồ Chí Minh
Kimpap Hoàng Tử;TP. Hồ Chí Minh;TP. Hồ Chí Minh
Kimbap FC - Món ăn Hàn Quốc;TP. Hồ Chí Minh;TP. Hồ Chí Minh
Kim Quán;TP. Hồ Chí Minh;TP. Hồ Chí Minh
Jardin Des Sens Saigon;TP. Hồ Chí Minh;TP. Hồ Chí Minh
JangWon Korean BBQ - Buffet Nướng Bàn Đá và Lẩu Hàn Quốc;TP. Hồ Chí Minh;TP. Hồ Chí Minh
Ichiba Sushi;TP. Hồ Chí Minh;TP. Hồ Chí Minh
Hutong – Thiên đường Lẩu Hồng Kong;TP. Hồ Chí Minh;TP. Hồ Chí Minh
Hutong Quang Trung;TP. Hồ Chí Minh;TP. Hồ Chí Minh
Hutong – Hot Pot Paradise;TP. Hồ Chí Minh;TP. Hồ Chí Minh
Hủ tiếu mực Ông Già Cali;TP. Hồ Chí Minh;TP. Hồ Chí Minh
Hủ Tiếu Mì A Keeng;TP. Hồ Chí Minh;TP. Hồ Chí Minh
Hội An Sense;TP. Hồ Chí Minh;TP. Hồ Chí Minh
Hoàng Yến Cuisine;TP. Hồ Chí Minh;TP. Hồ Chí Minh
Here & Now Vegetarian;TP. Hồ Chí Minh;TP. Hồ Chí Minh
Hẻm Spaghetti;TP. Hồ Chí Minh;TP. Hồ Chí Minh
Hẻm Bia: Lost in HongKong;TP. Hồ Chí Minh;TP. Hồ Chí Minh
Haru Sushi;TP. Hồ Chí Minh;TP. Hồ Chí Minh
Hào Uyển;TP. Hồ Chí Minh;TP. Hồ Chí Minh
Hanuri;TP. Hồ Chí Minh;TP. Hồ Chí Minh
Hanuri Korean Fast Food;TP. Hồ Chí Minh;TP. Hồ Chí Minh
Hàng Dương Quán;TP. Hồ Chí Minh;TP. Hồ Chí Minh
Hancook Korean Fast Food;TP. Hồ Chí Minh;TP. Hồ Chí Minh
Goobne Chicken;TP. Hồ Chí Minh;TP. Hồ Chí Minh
Geylang@Saigon;TP. Hồ Chí Minh;TP. Hồ Chí Minh
Fox Beer;TP. Hồ Chí Minh;TP. Hồ Chí Minh
Food House;TP. Hồ Chí Minh;TP. Hồ Chí Minh
EON 51 Fine Dining Restaurant;TP. Hồ Chí Minh;TP. Hồ Chí Minh
Enza - Nhà Hàng Nướng Nhật Bản;TP. Hồ Chí Minh;TP. Hồ Chí Minh
El Gaucho Steakhouse;TP. Hồ Chí Minh;TP. Hồ Chí Minh
Đức Bảo;TP. Hồ Chí Minh;TP. Hồ Chí Minh
Đèn Lồng Quán;TP. Hồ Chí Minh;TP. Hồ Chí Minh
DON CHICKEN VIỆT NAM;TP. Hồ Chí Minh;TP. Hồ Chí Minh
DON CHICKEN VIỆT NAM;TP. Hồ Chí Minh;TP. Hồ Chí Minh
Dim Tu Tac;TP. Hồ Chí Minh;TP. Hồ Chí Minh
Hầm rượu vang La Cave de Saigon;TP. Hồ Chí Minh;TP. Hồ Chí Minh
Hallyu - Korean Fast Food;TP. Hồ Chí Minh;TP. Hồ Chí Minh
Hana BBQ;TP. Hồ Chí Minh;TP. Hồ Chí Minh
Gyu Shige;TP. Hồ Chí Minh;TP. Hồ Chí Minh
Dê núi Ninh Bình - Cường Râu;TP. Hồ Chí Minh;TP. Hồ Chí Minh
Lẩu dê Ba Xiêm;Tây Ninh;Tây Ninh
Winter Ice;Tây Ninh;Tây Ninh
Quán Ốc Văn Hường;Tây Ninh;Tây Ninh
Quán ăn đặc sản Thanh Hà;Tây Ninh;Tây Ninh
Bánh xèo Kim Thủy;Tây Ninh;Tây Ninh
1992 Food and Drink;Tây Ninh;Tây Ninh
Dao Hua - Estella Place;TP. Hồ Chí Minh;TP. Hồ Chí Minh
Dae Jang Gum;TP. Hồ Chí Minh;TP. Hồ Chí Minh
D’Maris – Buffet Cao Cấp;TP. Hồ Chí Minh;TP. Hồ Chí Minh
Chú Tèo Buffet;TP. Hồ Chí Minh;TP. Hồ Chí Minh
Quán 44;Tây Ninh;Tây Ninh
Chu Dimsum House;TP. Hồ Chí Minh;TP. Hồ Chí Minh
Nhà hàng Bông Sen;Tây Ninh;Tây Ninh
Chị Hoa Vietnamese Cusine;TP. Hồ Chí Minh;TP. Hồ Chí Minh
Nhà hàng ẩm thực Sake;Tây Ninh;Tây Ninh
Quán hủ tiếu Mười Tân;Tây Ninh;Tây Ninh
Chi Dao Bao - Dimsum;TP. Hồ Chí Minh;TP. Hồ Chí Minh
Cobo House;Tây Ninh;Tây Ninh
Chevalier Wine Restaurant;TP. Hồ Chí Minh;TP. Hồ Chí Minh
Chef Thiện French Bistro;TP. Hồ Chí Minh;TP. Hồ Chí Minh
Quán Bò Tơ Tây Ninh Năm Sánh;Tây Ninh;Tây Ninh
Cháo ếch Sentosa;TP. Hồ Chí Minh;TP. Hồ Chí Minh
Quán bún bò Huế Gia Hội;Tây Ninh;Tây Ninh
Kem & Chè Mực Tím;Tây Ninh;Tây Ninh
Chanh Bistro Rooftop Saigon;TP. Hồ Chí Minh;TP. Hồ Chí Minh
Cơm gà Minh Chiến;Tây Ninh;Tây Ninh
Cục Gạch Quán;TP. Hồ Chí Minh;TP. Hồ Chí Minh
Quán Bún cá Nha Trang;Tây Ninh;Tây Ninh
Crystal Jade Kitchen;TP. Hồ Chí Minh;TP. Hồ Chí Minh
Quán Bánh canh ghẹ Hoàng;Tây Ninh;Tây Ninh
Đông Nam Quán;Tây Ninh;Tây Ninh
Quán ăn Dũng 215;Tây Ninh;Tây Ninh
Bún bò Huế Hoàng Linh;Tây Ninh;Tây Ninh
Bún đậu mẹt Long An;Tây Ninh;Tây Ninh
ChiBi Garden;Tây Ninh;Tây Ninh
Quán lẩu nướng Kim Chi;Tây Ninh;Tây Ninh
Quán Chèo Bẻo;Tây Ninh;Tây Ninh
Nhà hàng Cua Cốm;Tây Ninh;Tây Ninh
Nhà hàng Mường Hoa;Lai Châu;Lai Châu
Đặc sản gà chọi đủ món Hòa Ánh;Lai Châu;Lai Châu
Bánh trứng gà non và nước ép hoa quả;Lai Châu;Lai Châu
Quán mỳ cay Busan;Lai Châu;Lai Châu
Nhà hàng thịt chó đồng quê;Lai Châu;Lai Châu
Hải sản nướng – Fighting 1098;Lai Châu;Lai Châu
Ve sầu rán;Lai Châu;Lai Châu
Cá Bống Vùi Gio;Lai Châu;Lai Châu
Pa Pính Tộp Thanh Sơn;Lai Châu;Lai Châu
Quảng Ba - Nhà hàng Trâu Bản;Lai Châu;Lai Châu
Nhà hàng Châu Tuấn;Lai Châu;Lai Châu
Đặc sản gà già Hùng Thúy;Hưng Yên;Hưng Yên
Bếp Xanh;Hưng Yên;Hưng Yên
Mỹ Tường Viên;Hưng Yên;Hưng Yên
Ẩm thực tiến vua;Hưng Yên;Hưng Yên
Quán Minh - Bún Hải sản Bà Thu;Hưng Yên;Hưng Yên
Quán Bến Thương;Hưng Yên;Hưng Yên
Liên Dương 99;Hưng Yên;Hưng Yên
HIP BBQ - Lẩu nướng than hoa;Hưng Yên;Hưng Yên
Cơm chảo nóng;Hưng Yên;Hưng Yên
Hải Sản Dạ Biển EcoSea;Hưng Yên;Hưng Yên
Bếp Ngon Eco;Hưng Yên;Hưng Yên
Lẩu nấm Osaka;Hưng Yên;Hưng Yên
Bò Tơ Nhất Quán;Hưng Yên;Hưng Yên
Cơm Tấm Tú Mập;TP. Hồ Chí Minh;TP. Hồ Chí Minh
Khu văn hoá ẩm thực Việt Nhật;Hưng Yên;Hưng Yên
Cơm quê Mười Khó;TP. Hồ Chí Minh;TP. Hồ Chí Minh
Buffet Chay Tâm Phúc;Hưng Yên;Hưng Yên
Cơm Niêu Việt Nam;TP. Hồ Chí Minh;TP. Hồ Chí Minh
Nagomi - Nhà hàng Nhật;Hưng Yên;Hưng Yên
Cơm Niêu Thím Ba;TP. Hồ Chí Minh;TP. Hồ Chí Minh
Ban Mai Xanh - Thủy cung cá;Hưng Yên;Hưng Yên
Nướng Đảo Jeju;Hưng Yên;Hưng Yên
Q’s Kitchen - Nhà Hàng Miền Tây;Hưng Yên;Hưng Yên
Cơm Gà Thượng Hải;TP. Hồ Chí Minh;TP. Hồ Chí Minh
Phở Lẩu Hương Việt;Hưng Yên;Hưng Yên
Cơm gà Bà Luận Tam Kỳ;TP. Hồ Chí Minh;TP. Hồ Chí Minh
Nam Dương;Hưng Yên;Hưng Yên
Quán Huế Ecopark;Hưng Yên;Hưng Yên
Cowboy Steakhouse & Grill;TP. Hồ Chí Minh;TP. Hồ Chí Minh
Charming Hà Nội;Hưng Yên;Hưng Yên
Cocodak Restaurant - Gà Hàn Quốc;TP. Hồ Chí Minh;TP. Hồ Chí Minh
AB Sushi;Hưng Yên;Hưng Yên
Con Voi Vàng;TP. Hồ Chí Minh;TP. Hồ Chí Minh
Trâu Ngon Quán Ecopark;Hưng Yên;Hưng Yên
Con Ốc Quán;TP. Hồ Chí Minh;TP. Hồ Chí Minh
Alfresco's Ecopark;Hưng Yên;Hưng Yên
Con Gà Trống;TP. Hồ Chí Minh;TP. Hồ Chí Minh
Phòng Trà E.M;Hưng Yên;Hưng Yên
Con Cò - Ẩm Thực Trung Hoa;TP. Hồ Chí Minh;TP. Hồ Chí Minh
Nhà hàng Cây Cau;Hưng Yên;Hưng Yên
Cocorico - Thịt nướng lò Rotisseries;TP. Hồ Chí Minh;TP. Hồ Chí Minh
Nhà hàng Đức Dê;Ninh Bình;Ninh Bình
Nhà hàng Hoàng Long;Ninh Bình;Ninh Bình
Cocodak Korean Restaurant;TP. Hồ Chí Minh;TP. Hồ Chí Minh
Coca Suki;TP. Hồ Chí Minh;TP. Hồ Chí Minh
Quán thạch dừa;Ninh Bình;Ninh Bình
Bánh tôm;Ninh Bình;Ninh Bình
Buzza BBQ - Korean Hot Foods;TP. Hồ Chí Minh;TP. Hồ Chí Minh
Thịt xiên nướng Đức Trọc;Ninh Bình;Ninh Bình
Nhà Hàng Thanh Lợi;Ninh Bình;Ninh Bình
Nhà hàng Dũng Phố Núi;Ninh Bình;Ninh Bình
Nhà hàng Hoàng Sa;Ninh Bình;Ninh Bình
Nhà hàng Cúc Phương;Ninh Bình;Ninh Bình
Bánh cuốn hấp thịt;Ninh Bình;Ninh Bình
Bún Bò Huế Xưa;TP. Hồ Chí Minh;TP. Hồ Chí Minh
Bún Bò Huế Hạnh;TP. Hồ Chí Minh;TP. Hồ Chí Minh
Bún bò Huế Ba Nghị;TP. Hồ Chí Minh;TP. Hồ Chí Minh
Bún bò huế An Hòa;TP. Hồ Chí Minh;TP. Hồ Chí Minh
Bún bò Gánh;TP. Hồ Chí Minh;TP. Hồ Chí Minh
Buffet Liberty;TP. Hồ Chí Minh;TP. Hồ Chí Minh
Bornga;TP. Hồ Chí Minh;TP. Hồ Chí Minh
Bookmark Saigon Restaurant;TP. Hồ Chí Minh;TP. Hồ Chí Minh
Bonjour Resto;TP. Hồ Chí Minh;TP. Hồ Chí Minh
Bistrot de Saigon;TP. Hồ Chí Minh;TP. Hồ Chí Minh
Bibimbap Korean Food;TP. Hồ Chí Minh;TP. Hồ Chí Minh
Beirut;TP. Hồ Chí Minh;TP. Hồ Chí Minh
Beef Bar Saigon;TP. Hồ Chí Minh;TP. Hồ Chí Minh
Beefsteak Hai Con Bò;TP. Hồ Chí Minh;TP. Hồ Chí Minh
Baozi - Ẩm Thực Đài Loan;TP. Hồ Chí Minh;TP. Hồ Chí Minh
Bánh Mì Chảo Cô 3 Hậu;TP. Hồ Chí Minh;TP. Hồ Chí Minh
Bạch Tuộc Nướng Thương;TP. Hồ Chí Minh;TP. Hồ Chí Minh
Ba Con Cừu;TP. Hồ Chí Minh;TP. Hồ Chí Minh
B.O.C Homemade BBQ;TP. Hồ Chí Minh;TP. Hồ Chí Minh
Ân Nam Quán;TP. Hồ Chí Minh;TP. Hồ Chí Minh
Ẩm Thực Hương Bắc;TP. Hồ Chí Minh;TP. Hồ Chí Minh
Au Parc Saigon;TP. Hồ Chí Minh;TP. Hồ Chí Minh
Au Lac Do Brazil;TP. Hồ Chí Minh;TP. Hồ Chí Minh
Atelier Des Rêves;TP. Hồ Chí Minh;TP. Hồ Chí Minh
Arirang restaurant;TP. Hồ Chí Minh;TP. Hồ Chí Minh
Anh Tukk;TP. Hồ Chí Minh;TP. Hồ Chí Minh
Ân Nam Quán;TP. Hồ Chí Minh;TP. Hồ Chí Minh
An Duyên - Nhà Hàng Chay;TP. Hồ Chí Minh;TP. Hồ Chí Minh
Amun Garden Restaurant & Lounge;TP. Hồ Chí Minh;TP. Hồ Chí Minh
AGA Steak House;TP. Hồ Chí Minh;TP. Hồ Chí Minh
A Mà Kitchen;TP. Hồ Chí Minh;TP. Hồ Chí Minh
48 Bistro;TP. Hồ Chí Minh;TP. Hồ Chí Minh
2 Chị Em - Cơm Gà Nha Trang;TP. Hồ Chí Minh;TP. Hồ Chí Minh
Xóm Nướng Quê Nhà;Vĩnh Long;Vĩnh Long
Trọng Đạt – Phố nướng hải sản;Vĩnh Long;Vĩnh Long
Robusta Coffee;Vĩnh Long;Vĩnh Long
Quán Mẹt;Vĩnh Long;Vĩnh Long
Quán Mèo Ú Kitchen;Vĩnh Long;Vĩnh Long
Phố nướng Biển Đông;Vĩnh Long;Vĩnh Long
Phố Ăn Vặt Bờ Kè;Vĩnh Long;Vĩnh Long
Nhà hàng Trường An;Vĩnh Long;Vĩnh Long
Nhà hàng Thiên Tân;Vĩnh Long;Vĩnh Long
Thiên Long – Trung tâm Hội nghị Vĩnh Long;Vĩnh Long;Vĩnh Long
Nhà hàng Phương Thuỷ;Vĩnh Long;Vĩnh Long
Nhà hàng Lan Quế;Vĩnh Long;Vĩnh Long
Nhà hàng Huỳnh Giỏi;Vĩnh Long;Vĩnh Long
Nhà hàng Hương Sen;Vĩnh Long;Vĩnh Long
Nhà hàng Đức Phát Hoàng Gia;Vĩnh Long;Vĩnh Long
Nhà hàng Đồng Khánh;Vĩnh Long;Vĩnh Long
Nhà hàng ẩm thực Phố;Vĩnh Long;Vĩnh Long
Mì cay Kimchi Kimchi;Vĩnh Long;Vĩnh Long
Mì cay Hot 79;Vĩnh Long;Vĩnh Long
Mì cay 51;Vĩnh Long;Vĩnh Long
Lẩu Hot Pot 69;Vĩnh Long;Vĩnh Long
Lẩu dê Huỳnh Phương Nam;Vĩnh Long;Vĩnh Long
Lẩu cá chèo bẻo Thanh Phong;Vĩnh Long;Vĩnh Long
Lẩu bò Bảy Mập;Vĩnh Long;Vĩnh Long
Lẩu Băng Chuyền Kichi;Vĩnh Long;Vĩnh Long
King BBQ buffet;Vĩnh Long;Vĩnh Long
Kachu Buffet nướng 99k;Vĩnh Long;Vĩnh Long
Hot pot 72;Vĩnh Long;Vĩnh Long
ChanChun - THẾ GIỚI ẨM THỰC;Vĩnh Long;Vĩnh Long
Hải sản Hùng Biển;Vĩnh Long;Vĩnh Long
Tịnh Tâm Viên;TP. Huế;TP. Huế
Vỹ Dạ Xưa;TP. Huế;TP. Huế
Tipsy Pub n' Bistro;TP. Huế;TP. Huế
Ta-ke Restaurant;TP. Huế;TP. Huế
Tachi;TP. Huế;TP. Huế
Shinosushi Huế;TP. Huế;TP. Huế
Nhà Hàng Chay Tịnh Lâm Nhi;TP. Huế;TP. Huế
Nhà hàng Chân Đồi 1;TP. Huế;TP. Huế
Nhà Hàng 153 Chim Trời Lẩu Nấm;Thái Nguyên;Thái Nguyên
Nhà hàng Minh Hương;Thái Nguyên;Thái Nguyên
Nhà hàng Biển Ngọc Lăng Cô;TP. Huế;TP. Huế
Bún chả quạt;Ninh Bình;Ninh Bình
Lẩu dê Trương Định;Ninh Bình;Ninh Bình
Nhà hàng Vũ Bảo;Ninh Bình;Ninh Bình
Bún Thang Hưng Yên;Hưng Yên;Hưng Yên
Rề Trô;TP. Huế;TP. Huế
Queen's Crab;TP. Huế;TP. Huế
Quán cơm Âm Phủ;TP. Huế;TP. Huế
Quán bún thịt nướng bà Tý;TP. Huế;TP. Huế
Nhà hàng Vườn nhiệt đới;TP. Huế;TP. Huế
Nhà hàng Tịnh Gia Viên;TP. Huế;TP. Huế
Nhà hàng Nổi Sông Hương;TP. Huế;TP. Huế
Nhà hàng Little Italy;TP. Huế;TP. Huế
Không Gian Xưa;TP. Huế;TP. Huế
Gốc Bánh Bèo Bà Cư;TP. Huế;TP. Huế
Nhà hàng Duyên Anh;TP. Huế;TP. Huế
Hà Nội Quán;Hưng Yên;Hưng Yên
Blue Lemon;Hưng Yên;Hưng Yên
Niêu Deli - Vincom Plaza;TP. Huế;TP. Huế
Nam Giao Hoài Cổ;TP. Huế;TP. Huế
Nam Châu Hội Quán;TP. Huế;TP. Huế
Mợ BBQ - Các Món Nướng;TP. Huế;TP. Huế
Le Domaine De Cocodo;TP. Huế;TP. Huế
La Pines Restaurant;TP. Huế;TP. Huế
Kyodai Japanese Restaurant – Sushi & BBQ;TP. Huế;TP. Huế
Kem Indochine;TP. Huế;TP. Huế
Kebab Torki;TP. Huế;TP. Huế
Quán Cô Hằng Béo;Lạng Sơn;Lạng Sơn
Nhà hàng 168;Lạng Sơn;Lạng Sơn
Quán nhậu Xiểu Lúng;Lạng Sơn;Lạng Sơn
Hải sản Nha Trang;Lạng Sơn;Lạng Sơn
Hải Sản Biển Đông Xứ Lạng;Lạng Sơn;Lạng Sơn
Thai Chiang Restaurant;Lạng Sơn;Lạng Sơn
Nhà hàng Hoàng Quốc;Lạng Sơn;Lạng Sơn
Nhà hàng Tô Hiệu;Lạng Sơn;Lạng Sơn
Cháo cô Xuân;Lạng Sơn;Lạng Sơn
Nhà hàng Minh Quang;Lạng Sơn;Lạng Sơn
Jalapeno Restaurant;TP. Huế;TP. Huế
Inn Pizza - Hùng Vương;TP. Huế;TP. Huế
Nhà hàng Ancient Huế;TP. Huế;TP. Huế
Geylang Huế;TP. Huế;TP. Huế
Quán nướng ngói Cu Đức;Lâm Đồng;Lâm Đồng
Tiệm cơm Singapore;Lâm Đồng;Lâm Đồng
Tre trăm đốt BBQ;Lâm Đồng;Lâm Đồng
Quán Bò Lạc Lối;Lâm Đồng;Lâm Đồng
Elegant Restaurant & Lounge;TP. Huế;TP. Huế
DMZ Bar & Restaurant;TP. Huế;TP. Huế
Cung Đình (Royal Park);TP. Huế;TP. Huế
Cuckoo Restaurant & BBQ;TP. Huế;TP. Huế
Cơm Niêu Khải Hoàn;TP. Huế;TP. Huế
Cơm hến bà Cam;TP. Huế;TP. Huế
Céci Station;TP. Huế;TP. Huế
Carnosa - Restaurant & Bar;TP. Huế;TP. Huế
Buffalo Restaurant;TP. Huế;TP. Huế
BBQ 54 Quán Nướng Thái Lan - Hàn Quốc;TP. Huế;TP. Huế
Bánh khoái Lạc Thiện;TP. Huế;TP. Huế
2 Long Beer;TP. Huế;TP. Huế
Nhà hàng MÓN NGON;Thái Nguyên;Thái Nguyên
Xưa Quán Thái Nguyên;Thái Nguyên;Thái Nguyên
Xôi Sen;Thái Nguyên;Thái Nguyên
Xèo Xèo BBQ;Thái Nguyên;Thái Nguyên
Viên Tâm quán - Nhà hàng buffet & Thực dưỡng Thuần chay;Thái Nguyên;Thái Nguyên
Via Dalat - Lẩu Bò Ba Toa;Thái Nguyên;Thái Nguyên
The wood house - Nhà sàn cuối ngõ;Thái Nguyên;Thái Nguyên
Thành Công BBQ Hotpot Buffet;Thái Nguyên;Thái Nguyên
Thái Việt Palace Restaurant;Thái Nguyên;Thái Nguyên
Tafelu Quán;Thái Nguyên;Thái Nguyên
Quán trong ngõ;Thái Nguyên;Thái Nguyên
Quán Cay Đức Huệ;Thái Nguyên;Thái Nguyên
Quán Cá Việt Trì;Thái Nguyên;Thái Nguyên
Quán 88 BBQ Lẩu & Nướng;Thái Nguyên;Thái Nguyên
Ốc Cao Quán;Thái Nguyên;Thái Nguyên
Nhà tôi Thái Nguyên;Thái Nguyên;Thái Nguyên
Nhà hàng Thái Việt Gia;Thái Nguyên;Thái Nguyên
Nhà hàng Thái Nguyên Xanh 2;Thái Nguyên;Thái Nguyên
Nhà hàng MÓN NGON;Thái Nguyên;Thái Nguyên
Nhà Hàng Lẩu - Nướng Bi Xèo Xèo;Thái Nguyên;Thái Nguyên
Nhà hàng Hải Sản ASEAN;Thái Nguyên;Thái Nguyên
Nhà Hàng Hạ Long;Thái Nguyên;Thái Nguyên
Nhà hàng Buffet Thành Công;Thái Nguyên;Thái Nguyên
Nhà hàng B52;Thái Nguyên;Thái Nguyên
LẨU SAO;Thái Nguyên;Thái Nguyên
Lẩu Nấm Thiên Nhiên Mai Linh;Thái Nguyên;Thái Nguyên
Lẩu Nấm Tứ Quý;Thái Nguyên;Thái Nguyên
Lẩu nấm Hoàng Kim Thái Nguyên;Thái Nguyên;Thái Nguyên
Lẩu Mầm Thái Nguyên;Thái Nguyên;Thái Nguyên
Lazo BBQ Garden - Bắc Sơn;Thái Nguyên;Thái Nguyên
King BBQ Thái Nguyên;Thái Nguyên;Thái Nguyên
Huynh đệ quán;Thái Nguyên;Thái Nguyên
Hoàng Anh quán;Thái Nguyên;Thái Nguyên
Hải sản Biển Đông;Thái Nguyên;Thái Nguyên
GoGi House Thái Nguyên;Thái Nguyên;Thái Nguyên
Gimbab Hàn Quốc;Thái Nguyên;Thái Nguyên
Garlic BBQ Buffet;Thái Nguyên;Thái Nguyên
Gao BBQ Hotpot;Thái Nguyên;Thái Nguyên
Food Center Sông Công;Thái Nguyên;Thái Nguyên
Dương Tiêu Quán;Thái Nguyên;Thái Nguyên
Đường tàu quán;Thái Nguyên;Thái Nguyên
Quán Nhậu Khải Huế;Thái Nguyên;Thái Nguyên
Quán cay Đức Huệ;Thái Nguyên;Thái Nguyên
Dê Đức Cường;Thái Nguyên;Thái Nguyên
Chen9 BBQ & HotPot;Thái Nguyên;Thái Nguyên
Cơm chay Chân Tâm;Thái Nguyên;Thái Nguyên
Buffet Thái Nguyên Xanh;Thái Nguyên;Thái Nguyên
Phở Uyên Đà Lạt;Lâm Đồng;Lâm Đồng
Nhà hàng Hoàng Anh;Lâm Đồng;Lâm Đồng
Hương Quê quán;Lâm Đồng;Lâm Đồng
Quán nướng BBQ No.1;Lâm Đồng;Lâm Đồng
Quán 33;Lâm Đồng;Lâm Đồng
Quán bánh canh Xuân An;Lâm Đồng;Lâm Đồng
Lẩu bò Quán Gỗ;Lâm Đồng;Lâm Đồng
Quán cơm Lá Chuối;Lâm Đồng;Lâm Đồng
Quán cơm Ngày 3 bữa;Lâm Đồng;Lâm Đồng
Quán cơm gà Hải Phan Rang;Lâm Đồng;Lâm Đồng
Quán xưa Đà Lạt;Lâm Đồng;Lâm Đồng
Quán cơm tấm MEI;Lâm Đồng;Lâm Đồng
Nhà hàng cơm niêu Việt Nam;Lâm Đồng;Lâm Đồng
Itaca Restaurant – Lounge;An Giang;An Giang
Nhà hàng Sunset;An Giang;An Giang
Nhà hàng On The Rocks Restaurant;An Giang;An Giang
Nhà hàng Thiên Thanh;An Giang;An Giang
Nhà hàng bãi biển Paradiso;An Giang;An Giang
Sea 48;An Giang;An Giang
The Pepper Tree Restaurant;An Giang;An Giang
Hải sản Chi Hậu;An Giang;An Giang
Nhà hàng Búp;An Giang;An Giang
Quán Ốc 343;An Giang;An Giang
Chuồn Chuồn Bistro & Skybar;An Giang;An Giang
Lẩu dê Cây Dương;An Giang;An Giang
Crab House – Nhà Ghẹ Phú Quốc;An Giang;An Giang
Nhà hàng Biên Hải Quán;An Giang;An Giang
Quán Gia Tường;An Giang;An Giang
Phở cười;An Giang;An Giang
Hủ tiếu mực Tư Hường;An Giang;An Giang
Quán Nghêu Sò Phú Quốc;An Giang;An Giang
Nhà hàng Zen;An Giang;An Giang
Nhà hàng Sông Xanh;An Giang;An Giang
Quán bún kèn Út Lượm;An Giang;An Giang
Bánh canh chả cá Phụng;An Giang;An Giang
Nhà hàng Cơm Bắc 123;An Giang;An Giang
Cơm Tấm Huỳnh Nhu;An Giang;An Giang
Nhà hàng Hương Biển;An Giang;An Giang
Quán bún Quậy Kiến Xây;An Giang;An Giang
Nhà hàng Xin Chào;An Giang;An Giang
Nhà hàng Ra Khơi;An Giang;An Giang
Nhà hàng chay Hoa Sen;Lâm Đồng;Lâm Đồng
Nhà hàng Ấn Độ Ganesh;Lâm Đồng;Lâm Đồng
Biang Bistro;Lâm Đồng;Lâm Đồng
Fungi Chingu;Lâm Đồng;Lâm Đồng
Le Chalet Dalat;Lâm Đồng;Lâm Đồng
Nhà hàng Trống Đồng;Lâm Đồng;Lâm Đồng
Túy Tửu Lầu;Lâm Đồng;Lâm Đồng
Nhà hàng Kim Gia;Lâm Đồng;Lâm Đồng
Quán Hạnh Huệ;Thái Nguyên;Thái Nguyên
Quán nhậu Tân Hiệp;Thái Nguyên;Thái Nguyên
Nhà hàng Hiển Dy;Thái Nguyên;Thái Nguyên
Nhà hàng Mai Nam;Thái Nguyên;Thái Nguyên
Nhà hàng Nguyễn Văn Khoa;Thái Nguyên;Thái Nguyên
BBQ Buzza House;Thái Nguyên;Thái Nguyên
Bánh Mỳ Tràng An;Thái Nguyên;Thái Nguyên
1990 BBQ & Hotpot;Thái Nguyên;Thái Nguyên
288 Restaurant;Thái Nguyên;Thái Nguyên
Yummy hotpot;Phú Thọ;Phú Thọ
VỤT Quán;Phú Thọ;Phú Thọ
Tam Mount BBQ & Pub;Phú Thọ;Phú Thọ
Quán cá Đầm Vạc;Phú Thọ;Phú Thọ
Phố Cổ Quán;Phú Thọ;Phú Thọ
Ốc Sài Gòn 2;Phú Thọ;Phú Thọ
Nhà hàng Tây Thiên;Phú Thọ;Phú Thọ
Nhà hàng Tam Giao;Phú Thọ;Phú Thọ
Nhà hàng Phúc Hương Viên;Phú Thọ;Phú Thọ
Nhà hàng Phố Núi;Phú Thọ;Phú Thọ
Nhà Hàng O2;Phú Thọ;Phú Thọ
Nhà hàng Lục Nam;Phú Thọ;Phú Thọ
Nhà hàng Long Thành “Baba number one”;Phú Thọ;Phú Thọ
Nhà hàng lẩu hơi Hongkong Sanji;Phú Thọ;Phú Thọ
Nhà hàng Kỳ Phong;Phú Thọ;Phú Thọ
Nhà hàng Kim Anh;Phú Thọ;Phú Thọ
Nhà Hàng Hương Quê;Phú Thọ;Phú Thọ
Nhà hàng Hoà Béo;Phú Thọ;Phú Thọ
Nhà hàng hải sản Blue;Phú Thọ;Phú Thọ
Nhà hàng hải sản 88;Phú Thọ;Phú Thọ
Nhà hàng Hải Đăng;Phú Thọ;Phú Thọ
Nhà Hàng Á Đông;Phú Thọ;Phú Thọ
Mì cay Sasin;Phú Thọ;Phú Thọ
Lẩu nấm Hoàng Kim;Phú Thọ;Phú Thọ
Lẩu Chất Quán;Phú Thọ;Phú Thọ
Lẩu & Nướng Quán Quen Phương Râu;Phú Thọ;Phú Thọ
K BBQ;Phú Thọ;Phú Thọ
Hương Quê;Phú Thọ;Phú Thọ
Hải Sản Quảng Ninh;Phú Thọ;Phú Thọ
G8 Osake House;Phú Thọ;Phú Thọ
Eden Restaurant;Phú Thọ;Phú Thọ
Cơm Gà Vĩnh Yên;Phú Thọ;Phú Thọ
Cơm Gà 3 Miền Vĩnh Yên;Phú Thọ;Phú Thọ
Chiki Oishi1;Phú Thọ;Phú Thọ
Bon BBQ;Phú Thọ;Phú Thọ
BBQ Sonamu Vĩnh Yên;Phú Thọ;Phú Thọ
BBao Box Vĩnh Yên;Phú Thọ;Phú Thọ
The Ryo;Vĩnh Long;Vĩnh Long
Soowon BBQ Trà Vinh - Buffet Lẩu Nướng;Vĩnh Long;Vĩnh Long
SaSin;Vĩnh Long;Vĩnh Long
Pizza House;Vĩnh Long;Vĩnh Long
Nhà hàng Sinh thái Mỹ Khánh;Vĩnh Long;Vĩnh Long
Nhà hàng La Vang;Vĩnh Long;Vĩnh Long
O Thanh Quán;Lào Cai;Lào Cai
Nhà hàng Việt Hoa;Lào Cai;Lào Cai
Nhà hàng Việt Hoa;Lào Cai;Lào Cai
Nhà Hàng Thắng Vịt;Lào Cai;Lào Cai
Nhà hàng Tây Bắc Yên Bái;Lào Cai;Lào Cai
Nhà hàng PUBU;Lào Cai;Lào Cai
MimiTea;Lào Cai;Lào Cai
MAMA FOOD;Lào Cai;Lào Cai
Nhà Hàng Hải Sản Gold Trà Vinh;Vĩnh Long;Vĩnh Long
Nhà hàng Đại Hàn Kim;Vĩnh Long;Vĩnh Long
Nhà Hàng A Kòi 6;Vĩnh Long;Vĩnh Long
Mì cay Omega;Vĩnh Long;Vĩnh Long
Koreno;Vĩnh Long;Vĩnh Long
Déjà Vu Huỳnh Kha;Vĩnh Long;Vĩnh Long
Chingu BBQ;Vĩnh Long;Vĩnh Long
Buffet  Lửa Hồng;Vĩnh Long;Vĩnh Long
Buffet lẩu & nướng Rainbow;Vĩnh Long;Vĩnh Long
Ba miền Trà Vinh;Vĩnh Long;Vĩnh Long
Amigo;Vĩnh Long;Vĩnh Long
Ẩm Thực BBQ Gia Phát;Vĩnh Long;Vĩnh Long
Laboo Buffet;Lào Cai;Lào Cai
HuTong Hotpot 129;Lào Cai;Lào Cai
Gun Gi;Lào Cai;Lào Cai
F1 Restaurant;Lào Cai;Lào Cai
Bít tết Số 3 Hoè Nhai;Lào Cai;Lào Cai
BBQ Chicken;Lào Cai;Lào Cai
Bầu Pizza Yên Bái;Lào Cai;Lào Cai
Quán Tin Tin;Đồng Tháp;Đồng Tháp
Quán Cơm Chí Thành;Đồng Tháp;Đồng Tháp
Nhà Hàng Hoàng Thành Sân Vườn;Đồng Tháp;Đồng Tháp
Ngõ Vàng Anh;Đồng Tháp;Đồng Tháp
Lẩu & Nướng 1992 Chilli Queen;Đồng Tháp;Đồng Tháp
BigC Mỹ Tho, 545 Lê Văn Phẩm;Đồng Tháp;Đồng Tháp
Jollibee;Đồng Tháp;Đồng Tháp
Hotpot Story;Đồng Tháp;Đồng Tháp
Buffet Làng Nướng 2222;Đồng Tháp;Đồng Tháp
Aka House Mỹ Tho;Đồng Tháp;Đồng Tháp
Quán Khói;Hưng Yên;Hưng Yên
Phố Nướng BBQ;Hưng Yên;Hưng Yên
Nhà hàng Tùng Tùng;Hưng Yên;Hưng Yên
Nhà Hàng Thụy Điển;Hưng Yên;Hưng Yên
Nhà hàng Quang Thọ;Hưng Yên;Hưng Yên
Nhà hàng Lẩu Tám Nổ;Hưng Yên;Hưng Yên
Nhà hàng Hoàng Thái;Hưng Yên;Hưng Yên
Nhà hàng Đại Việt Annex 2;Hưng Yên;Hưng Yên
Nhà hàng Chim Câu 1985;Hưng Yên;Hưng Yên
Nabe Ya - Quán Lẩu Nướng Nhật Bản;Hưng Yên;Hưng Yên
Nabe Ya;Hưng Yên;Hưng Yên
Miến chua cay Kawaii;Hưng Yên;Hưng Yên
Lẩu nướng Seoul kim chi;Hưng Yên;Hưng Yên
Lẩu nướng Mập Kòi;Hưng Yên;Hưng Yên
Lẩu Nướng Linh Béo;Hưng Yên;Hưng Yên
Lẩu Nấm Hoàng Phố;Hưng Yên;Hưng Yên
Lẩu ếch Gầm Cầu;Hưng Yên;Hưng Yên
KIYA KIYA Lẩu nướng băng chuyền;Hưng Yên;Hưng Yên
Jollibee - Lý Bôn;Hưng Yên;Hưng Yên
Hutong;Hưng Yên;Hưng Yên
Hương Sen - Bia Tươi Đại Việt;Hưng Yên;Hưng Yên
Hanur House Lẩu Nướng Hàn Quốc;Hưng Yên;Hưng Yên
Gà tuk tuk - gà rán Thailand;Hưng Yên;Hưng Yên
Gà rán Mr Thịnh;Hưng Yên;Hưng Yên
Gà Rán Five Star;Hưng Yên;Hưng Yên
Cơm Tấm Sài Gòn;Hưng Yên;Hưng Yên
Bầu Pizza Thái Bình;Hưng Yên;Hưng Yên
Ba Cô Quán;Hưng Yên;Hưng Yên
Nhà hàng Tuân Gù;Sơn La;Sơn La
Nhà hàng Quang Thắng;Sơn La;Sơn La
Nhà hàng Gà Việt Mộc Châu;Sơn La;Sơn La
Nhà hàng Đông Hải Mộc Châu;Sơn La;Sơn La
Nhà hàng Cá Hồi 64 Mộc Châu;Sơn La;Sơn La
Nhà hàng 75 Quyết Xuôi - Trâu Tây Bắc;Sơn La;Sơn La
Lẩu & Nướng Lâm Tới;Sơn La;Sơn La
Nhà hàng Hải Viên;Sơn La;Sơn La
Gụi Quán - Mộc Châu;Sơn La;Sơn La
Cá Hồi Vườn Đào;Sơn La;Sơn La
Ẩm thực Mộc Châu - Ngô Gia Trang;Sơn La;Sơn La
Vườn Bia K36;TP. Cần Thơ;TP. Cần Thơ
Nem nướng Bảy Gành;TP. Cần Thơ;TP. Cần Thơ
Lẩu mắm Cây Dừa;TP. Cần Thơ;TP. Cần Thơ
Hủ tiếu Nam Vang Ngọc Trinh;TP. Cần Thơ;TP. Cần Thơ
Bún nước lèo Cây Nhãn;TP. Cần Thơ;TP. Cần Thơ
Bún gỏi dà - Cô Hằng;TP. Cần Thơ;TP. Cần Thơ
Nhà hàng Zero Seamile;TP. Đà Nẵng;TP. Đà Nẵng
Nhà hàng Vạn Lộc;TP. Đà Nẵng;TP. Đà Nẵng
Tân Trường Xanh;Quảng Trị;Quảng Trị
Nhà hàng Rau Muống Xanh;TP. Đà Nẵng;TP. Đà Nẵng
Nhà hàng Trống Cơm;TP. Đà Nẵng;TP. Đà Nẵng
Ngọc Tuyết Restaurant;TP. Đà Nẵng;TP. Đà Nẵng
Mango Mango;TP. Đà Nẵng;TP. Đà Nẵng
Nhà hàng Lá Chuối;TP. Đà Nẵng;TP. Đà Nẵng
Nhà hàng Faifo Xưa;TP. Đà Nẵng;TP. Đà Nẵng
Nhà hàng Đại Dương;Quảng Trị;Quảng Trị
Nhà Hàng Bảo Hân;TP. Đà Nẵng;TP. Đà Nẵng
Hải Cafe;TP. Đà Nẵng;TP. Đà Nẵng
Brother’s cafe’;TP. Đà Nẵng;TP. Đà Nẵng
Nhà hàng Như Ý;Quảng Trị;Quảng Trị
Nhà hàng Kim Tuyến;Quảng Trị;Quảng Trị
Nhà hàng tre Everland;Quảng Trị;Quảng Trị
Cơm niêu Minh Phượng;Quảng Trị;Quảng Trị
Nhà hàng Chang Chang;Quảng Trị;Quảng Trị
Yoon Oppa BBQ;Quảng Ninh;Quảng Ninh
Nhà hàng Xưa và Nay;Quảng Ninh;Quảng Ninh
Xu Quán;Quảng Ninh;Quảng Ninh
Nhà hàng Bích Hậu;Quảng Ninh;Quảng Ninh
Nhà Hàng Sao Biển 168;Quảng Ngãi;Quảng Ngãi
Vân Vân Quán;Quảng Ninh;Quảng Ninh
Nhà Hàng Trang Gia Viên;Quảng Ninh;Quảng Ninh
Thang Long Star Restaurant;Quảng Ninh;Quảng Ninh
Thai BBQ Buffet;Quảng Ninh;Quảng Ninh
Sành Quán;Quảng Ninh;Quảng Ninh
Quán Cây Bàng - Bánh cuốn chả mực;Quảng Ninh;Quảng Ninh
Nhà hàng Phù Đổng Hạ Long;Quảng Ninh;Quảng Ninh
Nhà hàng xứ Cẩm;Quảng Ninh;Quảng Ninh
Nhà hàng Tuấn Thịnh;Quảng Ninh;Quảng Ninh
Nhà hàng Trang Gia Viên;Quảng Ninh;Quảng Ninh
Nhà hàng Thu Hà;Quảng Ninh;Quảng Ninh
Nhà Hàng Quảng Hiền;Quảng Ninh;Quảng Ninh
Phương Nam Hạ Long;Quảng Ninh;Quảng Ninh
Nhà Hàng Phương Nam;Quảng Ninh;Quảng Ninh
Phố Vịt;Quảng Ninh;Quảng Ninh
Nhà hàng Năm Dê;Quảng Ninh;Quảng Ninh
Nhà hàng Góc Việt Quán;Quảng Ninh;Quảng Ninh
Nhà hàng Buffet Sen Á Đông;Quảng Ninh;Quảng Ninh
Nhà Hàng Lẩu Gia Đình DuLy S';Quảng Ngãi;Quảng Ngãi
Nhà hàng Alibaba;Quảng Ngãi;Quảng Ngãi
Vũ Cua;Quảng Ngãi;Quảng Ngãi
Tứ Hải BBQ;Quảng Ngãi;Quảng Ngãi
Tropical Beer;Quảng Ngãi;Quảng Ngãi
Nhà hàng Hoàng Quân;Quảng Ninh;Quảng Ninh
Thúng Hải Sản;Quảng Ngãi;Quảng Ngãi
Tá lả quán;Quảng Ngãi;Quảng Ngãi
Quán Nhậu Chị 3;Quảng Ngãi;Quảng Ngãi
Phố Nướng Osaka;Quảng Ngãi;Quảng Ngãi
Nướng&Lẩu Bích Họa Quán;Quảng Ngãi;Quảng Ngãi
Nướng Phố Cổ;Quảng Ngãi;Quảng Ngãi
Nolan Beer;Quảng Ngãi;Quảng Ngãi
Nhung Cơm Gà;Quảng Ngãi;Quảng Ngãi
Nhà hàng Tuấn Mập Sài Gòn;Quảng Ngãi;Quảng Ngãi
Nhà hàng Đệ Nhất BBQ;Quảng Ngãi;Quảng Ngãi
Mụi Mụi Quán;Quảng Ngãi;Quảng Ngãi
Mì Hàn Ajuma;Quảng Ngãi;Quảng Ngãi
KingBBQ - Vietnam;Quảng Ngãi;Quảng Ngãi
Kicochi House;Quảng Ngãi;Quảng Ngãi
Kawaii Sushi;Quảng Ngãi;Quảng Ngãi
Hồng Sinh Quán;Quảng Ngãi;Quảng Ngãi
Hải sản Thành Cá;Quảng Ngãi;Quảng Ngãi
Cơm gà Quảng Châu 2;Quảng Ngãi;Quảng Ngãi
Cơm Gà Năm Trúc;Quảng Ngãi;Quảng Ngãi
Cơm gà Hân;Quảng Ngãi;Quảng Ngãi
Cơm gà Cô Nguyệt;Quảng Ngãi;Quảng Ngãi
Bún đậu mắm tôm Quảng Ngãi;Quảng Ngãi;Quảng Ngãi
Bún Đậu Mắm Tôm Bà Trâm;Quảng Ngãi;Quảng Ngãi
Bánh Tráng Cuốn Thịt Heo Vị Xưa;Quảng Ngãi;Quảng Ngãi
Ăn vặt BÉ RƠM;Quảng Ngãi;Quảng Ngãi
Ẩm Thực Xứ Quảng;Quảng Ngãi;Quảng Ngãi
2T Quán;Quảng Ngãi;Quảng Ngãi
Quán cơm Quang Hào;Thái Nguyên;Thái Nguyên
Linh Đan;Quảng Ninh;Quảng Ninh
Nhà hàng Cây Sữa;Thái Nguyên;Thái Nguyên
Hải sản Thiên Anh;Quảng Ninh;Quảng Ninh
Hải sản Hồng Hạnh 3;Quảng Ninh;Quảng Ninh
Nhà Hàng Sơn Nữ;Thái Nguyên;Thái Nguyên
Nhà hàng Hạ Long Wonder;Quảng Ninh;Quảng Ninh
Gui Gui BBQ;Quảng Ninh;Quảng Ninh
Nhà hàng Boong Hây Bắc Kạn;Thái Nguyên;Thái Nguyên
Gogi House Hạ Long;Quảng Ninh;Quảng Ninh
Nhà hàng Góc Việt Quán;Quảng Ninh;Quảng Ninh
Nhà hàng Dương Anh;Thái Nguyên;Thái Nguyên
Gà Tươi Mạnh Hoạch;Quảng Ninh;Quảng Ninh
Nhà hàng Quang Đức;Thái Nguyên;Thái Nguyên
Don Chicken;Quảng Ninh;Quảng Ninh
Nhà hàng Cua Vàng;Quảng Ninh;Quảng Ninh
Nhà Hàng Ẩm Thực Nhà Sàn Bắc Kạn;Thái Nguyên;Thái Nguyên
Nhà hàng Buffet Sen Á Đông;Quảng Ninh;Quảng Ninh
Ẩm Thực Làng Chài;Quảng Ninh;Quảng Ninh
Nhà hàng Ánh Dương;Quảng Ninh;Quảng Ninh
Nhà hàng Tinh Tường;Thái Nguyên;Thái Nguyên
Nhà hàng Lá Cọ;Thái Nguyên;Thái Nguyên
Nhà hàng lẩu nướng Mr.Chen;Hưng Yên;Hưng Yên
Nhà hàng Hà Linh;Hưng Yên;Hưng Yên
Nhà hàng thế giới hải sản SiamChang;Hưng Yên;Hưng Yên
Nhà hàng Quảng Đông;Hưng Yên;Hưng Yên
Quán Xưa 2;Hưng Yên;Hưng Yên
Nhà hàng King BBQ;Hưng Yên;Hưng Yên
Nhà hàng Quán Huế;Hưng Yên;Hưng Yên
Bún Thang;Hưng Yên;Hưng Yên
Nhà hàng Phố Cũ;Hưng Yên;Hưng Yên
Nhà hàng Thái tử gà;Hưng Yên;Hưng Yên
Nhà hàng Ếch om;Hưng Yên;Hưng Yên
Lẩu Á Châu;Hưng Yên;Hưng Yên
Nhà hàng Âu Việt;Hưng Yên;Hưng Yên
Nhà hàng Hoa Cương;Lai Châu;Lai Châu
Quán cơm Hà Nội;Lai Châu;Lai Châu
Lẩu Tiến Vua;Lai Châu;Lai Châu
Quán ăn điểm hẹn;Lai Châu;Lai Châu
Đặc sản gà chọi Hòa Ánh;Lai Châu;Lai Châu
Nhà hàng Gà Tây Bắc;Lai Châu;Lai Châu
Nhà hàng Thanh Sơn;Lai Châu;Lai Châu
Nhà hàng Ngọc Lan;Quảng Ngãi;Quảng Ngãi
Nhà hàng Marian;Quảng Ngãi;Quảng Ngãi
Nhà hàng 78;Quảng Ngãi;Quảng Ngãi
Măng Đen Lữ Quán;Quảng Ngãi;Quảng Ngãi
Nhà hàng Cô Sinh;Quảng Ngãi;Quảng Ngãi
Nhà hàng Sơn Lâm;Quảng Ngãi;Quảng Ngãi
Nhà hàng Ngói Đỏ 88;Quảng Ngãi;Quảng Ngãi
Nhà hàng Phú Gia;Quảng Ngãi;Quảng Ngãi
Nhà hàng Sê San;Quảng Ngãi;Quảng Ngãi
Nhà hàng hải sản Chum;Quảng Ngãi;Quảng Ngãi
Nhà hàng Thủy Tạ;Quảng Ngãi;Quảng Ngãi
Nhà hàng Hiệp Thành;Quảng Ngãi;Quảng Ngãi
Nhà hàng cơm lam Dakbla;Quảng Ngãi;Quảng Ngãi
Nhà hàng Bách Hỷ;An Giang;An Giang
Hotpot Story;An Giang;An Giang
Nhà hàng Don Chicken;An Giang;An Giang
Nhà hàng Hoằng Long;An Giang;An Giang
Nhà hàng Sài Gòn Phố;An Giang;An Giang
Nhà hàng cơm 314;An Giang;An Giang
Nhà hàng Ngọc Thanh;An Giang;An Giang
Nhà hàng Anh Vũ;An Giang;An Giang
Nhà hàng Hương Việt;An Giang;An Giang
Nhà hàng Bằng Lăng;An Giang;An Giang
Nhà hàng Ao Sen;An Giang;An Giang
Nhà hàng biển Kim Anh;An Giang;An Giang
Nhà hàng du lịch biển;An Giang;An Giang
Nhà hàng Hương Quê;Thái Nguyên;Thái Nguyên
Kimpad House;Phú Thọ;Phú Thọ
Nhà hàng Lang Liêu;Phú Thọ;Phú Thọ
Nhà hàng San Hô;Phú Thọ;Phú Thọ
Nhà hàng Lý Linh;Phú Thọ;Phú Thọ
Bánh cuốn – Bà Xuyến;Phú Thọ;Phú Thọ
Quán Hangouts;Phú Thọ;Phú Thọ
Nhà hàng Phố Núi;Thái Nguyên;Thái Nguyên
Quán Cá lăng sông Đà;Phú Thọ;Phú Thọ
Nhà hàng Phố Việt;Phú Thọ;Phú Thọ
Cửu Ngư Quán;Thái Nguyên;Thái Nguyên
GoGi House Việt Trì;Phú Thọ;Phú Thọ
Thịt dê Thanh Sơn;Phú Thọ;Phú Thọ
Nướng Pansy;Phú Thọ;Phú Thọ
Nhà hàng Văn Lang;Phú Thọ;Phú Thọ
Vịt quay Tuấn Huyền;Phú Thọ;Phú Thọ
Hà Nội Quán;Phú Thọ;Phú Thọ
Nhà hàng Nhím Nhím;Phú Thọ;Phú Thọ
Quán Thịt chó Việt Trì;Phú Thọ;Phú Thọ
Phở Hùng;Phú Thọ;Phú Thọ
Nhà Hàng Phong Ký;Khánh Hoà;Khánh Hoà
Hải Sản Tiếng Xưa;Khánh Hoà;Khánh Hoà
Seaview Restaurant;Khánh Hoà;Khánh Hoà
Ninh Chu Bay Beach Club & Bar;Khánh Hoà;Khánh Hoà
Pizza Bob2;Khánh Hoà;Khánh Hoà
Pause Gourmande;Khánh Hoà;Khánh Hoà
Queen BBQ Buffet;Khánh Hoà;Khánh Hoà
Four Seasons Food;Khánh Hoà;Khánh Hoà
Nhà Hàng Sakaya & Brang;Khánh Hoà;Khánh Hoà
Le Napoli;Khánh Hoà;Khánh Hoà
Cuban Bar and Grill;Khánh Hoà;Khánh Hoà
Nhà hàng Hải Âu;Khánh Hoà;Khánh Hoà
Sorrento Beach Club Bar & Restaurant;Khánh Hoà;Khánh Hoà
Quán Minh Béo;Ninh Bình;Ninh Bình
Cơm niêu Vũ Gia;Ninh Bình;Ninh Bình
Nhà hàng Bến Thuyền Tràng An;Ninh Bình;Ninh Bình
Nhà hàng BS Sea;Ninh Bình;Ninh Bình
Lẩu Hương Sơn;Ninh Bình;Ninh Bình
Nhà hàng Ba Cửa;Ninh Bình;Ninh Bình
Nhà hàng ẩm thực Kim Đa;Ninh Bình;Ninh Bình
Dê Quý 135;Ninh Bình;Ninh Bình
Nhà hàng Liên Đồng;Ninh Bình;Ninh Bình
Nhà hàng ốc núi;Ninh Bình;Ninh Bình
Bánh cuốn chả – Vân Giang;Ninh Bình;Ninh Bình
Miến lươn bà Phấn;Ninh Bình;Ninh Bình
Nhà hàng Sao Biển;Nghệ An;Nghệ An
Nhà hàng Thanh Dung;Thái Nguyên;Thái Nguyên
Nhà hàng Song Quỳnh;Nghệ An;Nghệ An
Nhà hàng Cá Gỗ;Nghệ An;Nghệ An
Nhà hàng Thủy Linh;Nghệ An;Nghệ An
Nhà hàng khách sạn Hữu Nghị;Nghệ An;Nghệ An
Nhà hàng du thuyền Hải Châu;Nghệ An;Nghệ An
Nhà hàng Đất Sét;Nghệ An;Nghệ An
Quán Tô Hải Yến;Thái Nguyên;Thái Nguyên
Nhà hàng Ngô Đồng Quán;Nghệ An;Nghệ An
Nhà hàng Vạn Chài;Nghệ An;Nghệ An
Nhà hàng tiệc cưới Cung Lễ Hội;Nghệ An;Nghệ An
Nhà hàng Làng Việt;Nghệ An;Nghệ An
Nhà hàng Phố Núi;Nghệ An;Nghệ An
Nhà hàng Việt Đức;Nghệ An;Nghệ An
Nhà hàng Sen Vàng;Nghệ An;Nghệ An
Nhà hàng Ẩm thực 5A Nguyễn Trãi;Nghệ An;Nghệ An
Nhà hàng Cây Me;Thái Nguyên;Thái Nguyên
Nhà hàng Suối Mơ;Nghệ An;Nghệ An
Nhà hàng hải sản Toàn Hữu;Nghệ An;Nghệ An
Lẩu ốc Bà Thúy;Ninh Bình;Ninh Bình
Nhà hàng Làng Việt Xưa;Ninh Bình;Ninh Bình
Quán Ngọc Hân;Thái Nguyên;Thái Nguyên
Golden Palace;Ninh Bình;Ninh Bình
Nhà hàng Cánh Diều Vàng;Ninh Bình;Ninh Bình
Nhà hàng GUGURELA;Ninh Bình;Ninh Bình
Nhà hàng KAZOKU;Ninh Bình;Ninh Bình
Nhà hàng Lá Đỏ;Ninh Bình;Ninh Bình
Hutong Nam Định;Ninh Bình;Ninh Bình
Quán Phúc Thành;Ninh Bình;Ninh Bình
Nhà hàng Phong Lan;Ninh Bình;Ninh Bình
Vịt Đại Xuyên;Ninh Bình;Ninh Bình
Nhà hàng Tuấn Dê;Ninh Bình;Ninh Bình
Nhà hàng Quang Vinh;Ninh Bình;Ninh Bình
Gà tươi Mạnh Hoạch;Ninh Bình;Ninh Bình
Nhà hàng cơm Thiên Phú;Ninh Bình;Ninh Bình
Nhà hàng Chen;Ninh Bình;Ninh Bình
Bún ốc Trường Chinh;Ninh Bình;Ninh Bình
Funny Monkey;Thái Nguyên;Thái Nguyên
Phở 10 Lý Quốc Sư;Ninh Bình;Ninh Bình
Nhà hàng Thanh Thanh;Tây Ninh;Tây Ninh
Nhà hàng Mỹ Đình;Tây Ninh;Tây Ninh
Nhà hàng Phương Tuyền;Tây Ninh;Tây Ninh
Nhà hàng ẩm thực Tứ Xuyên;Tây Ninh;Tây Ninh
Nhà hàng Tám Cương;Thái Nguyên;Thái Nguyên
Nhà hàng Nhật Nguyệt;Tây Ninh;Tây Ninh
Điểm hẹn Sài Gòn;Tây Ninh;Tây Ninh
Nhà hàng Cảnh Việt;Tây Ninh;Tây Ninh
Nhà hàng Hoàng Trường Sa;Tây Ninh;Tây Ninh
Nhà hàng Quán Tre;Tây Ninh;Tây Ninh
Nhà hàng Hương Lúa;Tây Ninh;Tây Ninh
Nhà hàng Green;Lạng Sơn;Lạng Sơn
Tree Garden;Tây Ninh;Tây Ninh
Pizza Company;Tây Ninh;Tây Ninh
Gà tươi Minh Hoạch;Thái Nguyên;Thái Nguyên
Nhà hàng Hội Nghị;Tây Ninh;Tây Ninh
Quán Xưa;Lạng Sơn;Lạng Sơn
Cửa hàng bà Thắm;Lạng Sơn;Lạng Sơn
Mì vịt xoài;Lạng Sơn;Lạng Sơn
Bánh Cao Xoài;Lạng Sơn;Lạng Sơn
Cửa hàng Ông Gu;Lạng Sơn;Lạng Sơn
Cửa hàng Quan Phương Thảo;Lạng Sơn;Lạng Sơn
Nhà hàng thế kỷ mới;Lạng Sơn;Lạng Sơn
Nhà hàng Linh Dẩn;Lạng Sơn;Lạng Sơn
Nem nướng Hữu Lũng;Lạng Sơn;Lạng Sơn
Nhà hàng New Century;Lạng Sơn;Lạng Sơn
Tiệm vịt quay Mật Mật;Lạng Sơn;Lạng Sơn
G9 Coffee House;Lạng Sơn;Lạng Sơn
Quán Anh Phong;Lạng Sơn;Lạng Sơn
Bánh mì Cô Nhạn;Lạng Sơn;Lạng Sơn
Bánh cuốn Bà Loan;Lạng Sơn;Lạng Sơn
Hải sản Dũng Abu;Lạng Sơn;Lạng Sơn
Nhà hàng Song Mây;Lâm Đồng;Lâm Đồng
Nhà hàng Nhật Ly;Lâm Đồng;Lâm Đồng
Nhà hàng Tâm Đắc;Lâm Đồng;Lâm Đồng
Nhà hàng Hoàng Lan;Lâm Đồng;Lâm Đồng
Nhà Hàng Đà Lạt Xưa;Lâm Đồng;Lâm Đồng
Nhà hàng Hương Rừng;Lâm Đồng;Lâm Đồng
Nhà hàng Atiso;Lâm Đồng;Lâm Đồng
Cơm Nàng Tấm;Bắc Ninh;Bắc Ninh
Phở cổ xưa;Bắc Ninh;Bắc Ninh
Lẩu Bon Bon;Bắc Ninh;Bắc Ninh
Nhà hàng Huy Béo;Bắc Ninh;Bắc Ninh
Nhà hàng Sen Vàng;Bắc Ninh;Bắc Ninh
Nhà hàng Ăn Ngon;Bắc Ninh;Bắc Ninh
Nhà hàng Rùa Vàng;Bắc Ninh;Bắc Ninh
Nông Dân Quán;Bắc Ninh;Bắc Ninh
Nhà hàng Paris;Bắc Ninh;Bắc Ninh
Lẩu Bò Đệ Nhất Quán;Bắc Ninh;Bắc Ninh
Nhà hàng Phố núi;Lâm Đồng;Lâm Đồng
Lương Sơn Quán;Bắc Ninh;Bắc Ninh
Nhà hàng Sunrise;Lâm Đồng;Lâm Đồng
Nhà hàng Âu Lạc;Lâm Đồng;Lâm Đồng
Lẩu nấm Thiên Thái;Bắc Ninh;Bắc Ninh
Nhà hàng cơm niêu Hương Việt;Lâm Đồng;Lâm Đồng
Kiếm Hiệp Làng Chài;Lâm Đồng;Lâm Đồng
Nhà hàng Memory Đà Lạt;Lâm Đồng;Lâm Đồng
Nhà hàng Kinh Bắc;Bắc Ninh;Bắc Ninh
Nhà hàng đặc sản Lươn Sáu;Bắc Ninh;Bắc Ninh
Nhà hàng Thiên ân;Bắc Ninh;Bắc Ninh
Sakura Rest;Bắc Ninh;Bắc Ninh
Nhà hàng Vua Lẩu Rùa Vàng;Bắc Ninh;Bắc Ninh
The May Restaurant;Lâm Đồng;Lâm Đồng
Nhà hàng Buffet Kings BBQ Đà Lạt;Lâm Đồng;Lâm Đồng
Quán cơm Lệ Thủy;Lai Châu;Lai Châu
Jumong BBQ;Bắc Ninh;Bắc Ninh
Ăn vặt Khánh Trang;Lai Châu;Lai Châu
Nâu Hồng Quán;Lai Châu;Lai Châu
Nhà hàng Hùng Thịnh;Lai Châu;Lai Châu
Nhà hàng Tuấn Anh;Lai Châu;Lai Châu
Hải sản Thuận Lợi;Lai Châu;Lai Châu
Quán ăn Thanh Hồng;Lai Châu;Lai Châu
Phở Thìn;Lai Châu;Lai Châu
Vịt cỏ Vân Đình;Lai Châu;Lai Châu
Mé Phố Quán;Quảng Ngãi;Quảng Ngãi
Nhà hàng Ngọc Linh;Quảng Ngãi;Quảng Ngãi
Nhà hàng San Hô;Quảng Ngãi;Quảng Ngãi
Cá gỏi kiến vàng Sa Thầy;Quảng Ngãi;Quảng Ngãi
Nhà hàng SeoulHouse;Quảng Ngãi;Quảng Ngãi
Cơm Niêu Đồng Quê;Quảng Ngãi;Quảng Ngãi
Bèo Quán;Quảng Ngãi;Quảng Ngãi
Ẩm thực Bò Bùm;Quảng Ngãi;Quảng Ngãi
Kon Tum Foods and Drinks;Quảng Ngãi;Quảng Ngãi
Bánh canh cá lóc Trần Quang Khải;Quảng Ngãi;Quảng Ngãi
Xôi măng Kon Tum;Quảng Ngãi;Quảng Ngãi
Bánh đa cua Hùng Vương;Quảng Ngãi;Quảng Ngãi
Nhà hàng BBQ Đệ Nhất Quán;Quảng Ngãi;Quảng Ngãi
Ẩm thực Hoa Viên;Quảng Ngãi;Quảng Ngãi
Nhà hàng Kon Tum Xanh;Quảng Ngãi;Quảng Ngãi
Nhà hàng Đức Thụ;Phú Thọ;Phú Thọ
Bầu’s Pizza;Phú Thọ;Phú Thọ
Kanpai Beer Club;Phú Thọ;Phú Thọ
Lẩu 88;Phú Thọ;Phú Thọ
Nhà hàng Quang Minh;Phú Thọ;Phú Thọ
Đồ nướng 277;Phú Thọ;Phú Thọ
Taster’s BBQ;Phú Thọ;Phú Thọ
Chicken FC1;Phú Thọ;Phú Thọ
Bún đậu mắm tôm Trầm Sào;Phú Thọ;Phú Thọ
Nhà hàng 19;Phú Thọ;Phú Thọ
Nhà hàng thịt nướng Kimpabhouse Korea;Phú Thọ;Phú Thọ
Cố Đô Hội Quán;Hưng Yên;Hưng Yên
Clam BBQ;Hưng Yên;Hưng Yên
Quán cay Như Quỳnh;Hưng Yên;Hưng Yên
Ruby Coffee & Restaurant;Hưng Yên;Hưng Yên
Nhà hàng trâu rừng Tây Bắc;Hưng Yên;Hưng Yên
Nhà hàng Tân Quê;Hưng Yên;Hưng Yên
Quán ăn vặt Femily’s;Hưng Yên;Hưng Yên
Nhà hàng Linh Beer;Hưng Yên;Hưng Yên
Kinh Đô Hội Quán;Hưng Yên;Hưng Yên
Nhà hàng Sen Đồng;Hưng Yên;Hưng Yên
Nhà hàng Seoul House;Hưng Yên;Hưng Yên
Cây Cau Restaurant;Hưng Yên;Hưng Yên
Quán ốc ngon 29;Hưng Yên;Hưng Yên
Tiệm Bánh Tài Lộc;Hưng Yên;Hưng Yên
Tiệm Bánh Tài Lộc;Hưng Yên;Hưng Yên
NHÀ HÀNG THANH RÂU;Lai Châu;Lai Châu
Nhà hàng TÌNH CA TÂY BẮC;Lai Châu;Lai Châu
Đông Sun Quán;Lai Châu;Lai Châu
Mì cay BuSan;Lai Châu;Lai Châu
Nhà hàng Sen Hồng;Lai Châu;Lai Châu
Quán Rose;Lai Châu;Lai Châu
Mộc Quán;Lai Châu;Lai Châu
Nhà hàng muối ớt xanh;Lâm Đồng;Lâm Đồng
Nhà hàng Vạn Huệ Lầu;Lâm Đồng;Lâm Đồng
Cơm Niêu Như Ngọc;Lâm Đồng;Lâm Đồng
Tiệm Bánh Cối Xay Gió;Lâm Đồng;Lâm Đồng
Nhà hàng Windmills Café;Lâm Đồng;Lâm Đồng
Nhà Hàng Thanh Thủy Bluewater;Lâm Đồng;Lâm Đồng
Nhà hàng Buffet rau Leguda Đà Lạt;Lâm Đồng;Lâm Đồng
Nhà hàng Nhà Tôi;Lâm Đồng;Lâm Đồng
Nhà hàng Trên Đỉnh Đồi Trăng;Lâm Đồng;Lâm Đồng
Lẩu Ốc Ku Sửu;Lạng Sơn;Lạng Sơn
Áp Chao Xuân Sửu;Lạng Sơn;Lạng Sơn
Phở vịt Hải Xồm;Lạng Sơn;Lạng Sơn
Nhà hàng Trung Xuân;Lạng Sơn;Lạng Sơn
Nhà hàng Thảo Viên;Lạng Sơn;Lạng Sơn
Lẩu bò Sài Gòn Vivu;Tây Ninh;Tây Ninh
Hipot - Paradise Buffet Lẩu & Dimsum;Bắc Ninh;Bắc Ninh
Nhà hàng Hải Đăng;Bắc Ninh;Bắc Ninh
Ẩm thực Cobe House;Tây Ninh;Tây Ninh
Vườn địa đàng;Tây Ninh;Tây Ninh
Nhà hàng HOÀNG GIA;Tây Ninh;Tây Ninh
Nhà Hàng Hà Linh;Bắc Ninh;Bắc Ninh
Nhà hàng Cua Đỏ Bắc Giang;Bắc Ninh;Bắc Ninh
Nhà Hàng Buffet Lẩu Nướng GUKU;Bắc Ninh;Bắc Ninh
The BBQ house;Bắc Ninh;Bắc Ninh
Nhà hàng Châm Đạo;Bắc Ninh;Bắc Ninh
Nhà hàng Baiking BBQ;Bắc Ninh;Bắc Ninh
Nhà hàng Anh Đào 36;Bắc Ninh;Bắc Ninh
Nem Lụi Mai Trang;Ninh Bình;Ninh Bình
Harru Beer;Bắc Ninh;Bắc Ninh
Hải Sản Làng Chài;Bắc Ninh;Bắc Ninh
Nhà hàng Hải Âu;Tây Ninh;Tây Ninh
Nhà hàng Đồng Xanh;Tây Ninh;Tây Ninh
Papas' Chicken & Pizza;Tây Ninh;Tây Ninh
Nhà Hàng Thủy Tạ;Tây Ninh;Tây Ninh
Mộc Quán;Ninh Bình;Ninh Bình
Quán Lá Chợ Phiên;Ninh Bình;Ninh Bình
Phở Đán;Ninh Bình;Ninh Bình
Panda Chan;Ninh Bình;Ninh Bình
Bánh Gai Bà Thi;Ninh Bình;Ninh Bình
Quán nướng Huy Mập;Ninh Bình;Ninh Bình
Hải Sản Ken Ken;Bắc Ninh;Bắc Ninh
Hạ Long Quán;Bắc Ninh;Bắc Ninh
Bún cá Loan;Ninh Bình;Ninh Bình
Thành Nam Quán;Ninh Bình;Ninh Bình
Sâu Nướng Quán;Ninh Bình;Ninh Bình
Cơm Niêu Đông Dương;Khánh Hoà;Khánh Hoà
Quán Quý Cang;Khánh Hoà;Khánh Hoà
Phan Rang Beer Garden;Khánh Hoà;Khánh Hoà
Nhà hàng Cà Ná;Khánh Hoà;Khánh Hoà
Buffet Nâu Đỏ;Khánh Hoà;Khánh Hoà
Quán Chốn Quê;Khánh Hoà;Khánh Hoà
Nhà Hàng Hải Sản Biển Đông;Cà Mau;Cà Mau
Quán táo Kitchen;Cà Mau;Cà Mau
Quán Cơm Chiên AChen;Cà Mau;Cà Mau
Nhà hàng Hương Biển;Cà Mau;Cà Mau
Nhà hàng Công Tử Bạc Liêu;Cà Mau;Cà Mau
Quán cơm 63;Cà Mau;Cà Mau
Khu ẩm thực chợ đêm Bạc Liêu;Cà Mau;Cà Mau
Nhà hàng Bảo Anh;Ninh Bình;Ninh Bình
Nhà hàng Hương Quê;Ninh Bình;Ninh Bình
Nhà hàng Tam Gia Trang;Ninh Bình;Ninh Bình
Nhà hàng Dê ba cửa;Ninh Bình;Ninh Bình
Nhà hàng Chim To Dần Bình Dũng;Ninh Bình;Ninh Bình
Nhà hàng Ngọc Minh;Ninh Bình;Ninh Bình
Nghệ Thuật & Ẩm thực VẠN BẢO NGỌC;Ninh Bình;Ninh Bình
Nhà hàng Hoàng Giang;Ninh Bình;Ninh Bình
Nhà hàng Thăng Long;Ninh Bình;Ninh Bình
Nhà hàng BBQ Sochu;Ninh Bình;Ninh Bình
Nhà hàng Lạc Hồng;An Giang;An Giang
Nhà hàng Sáu Minh;An Giang;An Giang
Don Chicken Phú Cường;An Giang;An Giang
Quán Gà Tre Thảo Mộc Hương Việt;An Giang;An Giang
Nhà hàng Năm Nhỏ;An Giang;An Giang
Nhà hàng Hòa Giang;An Giang;An Giang
The Home Pizza Bai Truong;An Giang;An Giang
Nhà hàng biển xanh;An Giang;An Giang
Bún cá út ơi;An Giang;An Giang
Quán Ngọc Nhân;An Giang;An Giang
GoGi House;Cà Mau;Cà Mau
Nhà hàng Công Viên Nhỏ;TP. Hà Nội;TP. Hà Nội
Sen Đầm Trị;TP. Hà Nội;TP. Hà Nội
Nhà hàng Giấm Quán Tròn;TP. Hà Nội;TP. Hà Nội
Bami Bread;TP. Hà Nội;TP. Hà Nội
Cơm Niêu Tố Uyên;TP. Hà Nội;TP. Hà Nội
Quán Biển Ơi;Cà Mau;Cà Mau
Aozora Sushi;TP. Hà Nội;TP. Hà Nội
Nhà hàng GimBab Hàn Quốc;TP. Hà Nội;TP. Hà Nội
Bò Tơ Quán Mộc;TP. Hà Nội;TP. Hà Nội
Quán Kiến;TP. Hà Nội;TP. Hà Nội
Mì xào Giòn Ông Chúa;Cà Mau;Cà Mau
Lương Sơn quán;TP. Hà Nội;TP. Hà Nội
Ao quán;TP. Hà Nội;TP. Hà Nội
KomHome;TP. Hà Nội;TP. Hà Nội
Jeffrey’s Kitchen;TP. Hồ Chí Minh;TP. Hồ Chí Minh
Quán Quê;TP. Hà Nội;TP. Hà Nội
Góc Hà Nội;TP. Hà Nội;TP. Hà Nội
Quán Mộc;TP. Hà Nội;TP. Hà Nội
Nhà hàng Bò Nhúng Dấm;TP. Hà Nội;TP. Hà Nội
Khao Lao;TP. Hà Nội;TP. Hà Nội
Nhà hàng Pepperonis;TP. Hà Nội;TP. Hà Nội
Nhà hàng Al Fresco's;TP. Hà Nội;TP. Hà Nội
Nhà hàng Hotpot Story;TP. Hà Nội;TP. Hà Nội
Nhà hàng King BBQ;TP. Hà Nội;TP. Hà Nội
Nhà hàng Chen;TP. Hà Nội;TP. Hà Nội
Ẩm thực Hồ Nam;Cà Mau;Cà Mau
Nhà Hàng Nét Huế;TP. Hà Nội;TP. Hà Nội
Bò Sốt Hẻm;Cà Mau;Cà Mau
Nhà hàng Vua Chả Cá;TP. Hà Nội;TP. Hà Nội
Nhà hàng Wrap & Roll;TP. Hà Nội;TP. Hà Nội
Nhà hàng Phương Nam;TP. Hà Nội;TP. Hà Nội
Nhà hàng Pao Quán;TP. Hà Nội;TP. Hà Nội
Nhà hàng Hải Sản Biển Đông;TP. Hà Nội;TP. Hà Nội
Nhà hàng Dê Ré Song Dương;TP. Hà Nội;TP. Hà Nội
Nhà hàng Thế Giới Hải Sản;TP. Hà Nội;TP. Hà Nội
Nhà hàng Vườn Đá;Nghệ An;Nghệ An
Bánh tằm lá mơ;Cà Mau;Cà Mau
Nhà hàng Ẩm Thực Việt;Nghệ An;Nghệ An
Nhà hàng Huynh Đệ;Nghệ An;Nghệ An
Chingu BBQ;Cà Mau;Cà Mau
Nhà hàng Món ngon 3 miền;Nghệ An;Nghệ An
Bún bò cay Ánh Nguyệt;Cà Mau;Cà Mau
Bún nước lèo cá đồng Út Mén;Cà Mau;Cà Mau
Bánh Canh Long Hương;TP. Hồ Chí Minh;TP. Hồ Chí Minh
Cỏ 3 Lá;Cà Mau;Cà Mau
Bánh khọt Cô Ba;TP. Hồ Chí Minh;TP. Hồ Chí Minh
Bánh xèo A Mật;Cà Mau;Cà Mau
The Pizza Company;TP. Hồ Chí Minh;TP. Hồ Chí Minh
Bún xào nem nướng Băng Tâm;Cà Mau;Cà Mau
Quán 58;Cà Mau;Cà Mau
Simple Restaurant & Pub;TP. Hồ Chí Minh;TP. Hồ Chí Minh
Rodstarz FastFood Restaurant - Thống Nhất;TP. Hồ Chí Minh;TP. Hồ Chí Minh
Quán nướng Tám Thi;Cà Mau;Cà Mau
Thuyền Trăng Restaurant;Cà Mau;Cà Mau
Quảng Trường Quán;Cà Mau;Cà Mau
Làng Nướng 89 Bạc Liêu;Cà Mau;Cà Mau
Mì Mỹ Vân;Cà Mau;Cà Mau
Kachu Buffet Nướng 99k;Cà Mau;Cà Mau
Cá lóc nướng sả 52;Cà Mau;Cà Mau
Nhà hàng Hoa Biển Của Lò;Nghệ An;Nghệ An
Nhà hàng Cội Nguồn;Phú Thọ;Phú Thọ
Retro Steak Vũng Tàu;TP. Hồ Chí Minh;TP. Hồ Chí Minh
Pizza Onn - Pizza, Mì Ý & Sườn Nướng;TP. Hồ Chí Minh;TP. Hồ Chí Minh
Pizza Hut - Vũng Tàu;TP. Hồ Chí Minh;TP. Hồ Chí Minh
Ocean House;TP. Hồ Chí Minh;TP. Hồ Chí Minh
Nhà hàng NORI FOOD;TP. Hồ Chí Minh;TP. Hồ Chí Minh
Don quijote;TP. Hồ Chí Minh;TP. Hồ Chí Minh
Hội Quán Phúc Vang;TP. Hồ Chí Minh;TP. Hồ Chí Minh
Nhà hàng Làng Cá Hỷ Phát;TP. Hồ Chí Minh;TP. Hồ Chí Minh
Hải sản Lâm Đường;TP. Hồ Chí Minh;TP. Hồ Chí Minh
Quán Vuờn Xoài;TP. Hồ Chí Minh;TP. Hồ Chí Minh
Nhà Hàng Hải An;TP. Hồ Chí Minh;TP. Hồ Chí Minh
Nhà Hàng Eo Biển Xanh;TP. Hồ Chí Minh;TP. Hồ Chí Minh
Phở Minh Tâm;TP. Hồ Chí Minh;TP. Hồ Chí Minh
Ngon City;TP. Hồ Chí Minh;TP. Hồ Chí Minh
Salsa Mexicana Restaurant;TP. Hồ Chí Minh;TP. Hồ Chí Minh
LUCA - Pizza & Italian Restaurant;TP. Hồ Chí Minh;TP. Hồ Chí Minh
La Sirena - Bar & Grill;TP. Hồ Chí Minh;TP. Hồ Chí Minh
Kozak Restaurant & Bar;TP. Hồ Chí Minh;TP. Hồ Chí Minh
Cơm niêu Đại Việt;TP. Hồ Chí Minh;TP. Hồ Chí Minh
Gành Hào Seafood Restaurant;TP. Hồ Chí Minh;TP. Hồ Chí Minh
Gà Rán KFC - Vũng Tàu;TP. Hồ Chí Minh;TP. Hồ Chí Minh
Nhà hàng Asian House;TP. Hồ Chí Minh;TP. Hồ Chí Minh
Nhà hàng Hải sản Hải Phương;TP. Hồ Chí Minh;TP. Hồ Chí Minh
Bistro 9;TP. Hồ Chí Minh;TP. Hồ Chí Minh
Camellia;TP. Hồ Chí Minh;TP. Hồ Chí Minh
Hương Tràm 1 Cafe;TP. Hồ Chí Minh;TP. Hồ Chí Minh
Quán An Sen Vũng Tàu;TP. Hồ Chí Minh;TP. Hồ Chí Minh
Cafe Blue Note;TP. Hồ Chí Minh;TP. Hồ Chí Minh
Nhà Hàng Gia Hoàng New Star;Phú Thọ;Phú Thọ
Beefsteak Củ Hành Tây;TP. Hồ Chí Minh;TP. Hồ Chí Minh
